return_date,product_id,store_id,quantity
29/06/2026,182,12,1
29/06/2026,494,12,1
29/06/2026,595,17,1
29/06/2026,601,17,1
29/06/2026,631,12,1
29/06/2026,872,12,1
29/06/2026,1040,12,1
29/06/2026,1149,12,1
29/06/2026,1251,17,1
29/06/2026,1277,12,2
29/06/2026,1393,13,1
29/06/2026,1437,13,1
29/06/2026,1541,13,1
28/06/2026,176,15,2
28/06/2026,253,13,1
28/06/2026,297,4,1
28/06/2026,307,4,2
28/06/2026,384,15,2
28/06/2026,497,15,2
28/06/2026,597,4,2
28/06/2026,678,13,2
28/06/2026,727,13,1
28/06/2026,733,13,2
28/06/2026,744,4,1
28/06/2026,779,23,1
28/06/2026,885,15,1
28/06/2026,923,23,2
28/06/2026,999,15,1
28/06/2026,1230,15,2
28/06/2026,1246,15,1
28/06/2026,1375,15,1
28/06/2026,1405,13,1
27/06/2026,284,3,1
27/06/2026,388,18,1
27/06/2026,817,3,1
27/06/2026,1224,18,1
26/06/2026,96,21,1
26/06/2026,132,20,1
26/06/2026,159,19,1
26/06/2026,497,21,1
26/06/2026,521,19,2
26/06/2026,579,21,1
26/06/2026,619,19,1
26/06/2026,775,21,1
26/06/2026,952,21,1
26/06/2026,961,21,1
26/06/2026,1221,19,2
26/06/2026,1481,20,1
25/06/2026,12,8,1
25/06/2026,30,8,1
25/06/2026,46,11,1
25/06/2026,74,17,2
25/06/2026,79,7,1
25/06/2026,120,7,2
25/06/2026,221,16,1
25/06/2026,363,16,1
25/06/2026,369,8,1
25/06/2026,420,16,1
25/06/2026,506,8,1
25/06/2026,522,8,2
25/06/2026,668,15,1
25/06/2026,703,15,1
25/06/2026,719,17,1
25/06/2026,753,7,1
25/06/2026,1101,16,2
25/06/2026,1101,17,1
25/06/2026,1133,1,2
25/06/2026,1135,8,1
25/06/2026,1167,8,2
25/06/2026,1169,17,1
25/06/2026,1201,15,1
25/06/2026,1218,8,1
25/06/2026,1350,8,2
25/06/2026,1394,17,1
25/06/2026,1411,17,1
25/06/2026,1451,8,1
25/06/2026,1463,11,1
25/06/2026,1484,17,1
25/06/2026,1494,7,1
25/06/2026,1506,1,1
24/06/2026,188,10,2
24/06/2026,256,10,1
24/06/2026,858,10,1
24/06/2026,1405,10,1
24/06/2026,1455,10,1
23/06/2026,48,7,2
23/06/2026,313,19,1
23/06/2026,434,16,1
23/06/2026,651,1,1
23/06/2026,710,19,1
23/06/2026,1074,7,1
23/06/2026,1183,19,2
23/06/2026,1185,16,1
23/06/2026,1233,7,1
23/06/2026,1262,19,1
23/06/2026,1276,7,1
23/06/2026,1419,19,1
23/06/2026,1434,7,1
23/06/2026,1479,9,1
23/06/2026,1520,7,1
23/06/2026,1550,16,1
22/06/2026,88,3,1
22/06/2026,91,10,1
22/06/2026,158,3,1
22/06/2026,229,21,2
22/06/2026,253,21,1
22/06/2026,356,6,2
22/06/2026,365,6,1
22/06/2026,479,10,1
22/06/2026,736,3,1
22/06/2026,921,6,1
22/06/2026,1070,21,1
22/06/2026,1186,3,1
22/06/2026,1306,10,1
22/06/2026,1413,6,1
22/06/2026,1449,6,1
22/06/2026,1453,3,1
21/06/2026,150,7,1
21/06/2026,304,24,1
21/06/2026,351,11,1
21/06/2026,661,24,1
21/06/2026,761,24,1
21/06/2026,784,7,1
21/06/2026,888,11,1
21/06/2026,1045,11,1
21/06/2026,1072,24,1
21/06/2026,1083,24,2
21/06/2026,1232,7,2
21/06/2026,1525,24,1
20/06/2026,44,24,1
20/06/2026,244,15,1
20/06/2026,534,15,1
20/06/2026,622,18,2
20/06/2026,676,24,1
20/06/2026,891,15,2
20/06/2026,1123,24,1
20/06/2026,1211,24,1
20/06/2026,1241,24,1
20/06/2026,1245,18,1
20/06/2026,1425,24,1
19/06/2026,170,15,2
19/06/2026,310,15,1
19/06/2026,360,15,1
19/06/2026,563,6,1
19/06/2026,789,15,2
19/06/2026,998,15,2
19/06/2026,1009,6,1
19/06/2026,1072,9,1
19/06/2026,1173,6,1
19/06/2026,1245,6,2
19/06/2026,1256,15,2
19/06/2026,1384,6,1
19/06/2026,1481,6,1
19/06/2026,1540,9,1
18/06/2026,107,9,1
18/06/2026,131,13,1
18/06/2026,238,12,1
18/06/2026,337,12,2
18/06/2026,484,13,1
18/06/2026,487,12,1
18/06/2026,763,18,1
18/06/2026,782,9,1
18/06/2026,908,9,1
18/06/2026,1039,9,1
18/06/2026,1053,8,2
18/06/2026,1078,18,1
18/06/2026,1129,13,1
18/06/2026,1337,12,1
18/06/2026,1351,12,1
18/06/2026,1392,18,1
18/06/2026,1454,8,1
18/06/2026,1467,8,1
18/06/2026,1478,12,1
18/06/2026,1522,8,1
18/06/2026,1528,18,1
18/06/2026,1540,8,1
17/06/2026,283,19,1
17/06/2026,360,12,1
17/06/2026,361,10,1
17/06/2026,429,1,1
17/06/2026,466,19,1
17/06/2026,483,8,1
17/06/2026,491,8,2
17/06/2026,610,10,2
17/06/2026,610,12,1
17/06/2026,626,19,1
17/06/2026,727,19,1
17/06/2026,731,12,2
17/06/2026,794,10,1
17/06/2026,839,12,1
17/06/2026,996,19,2
17/06/2026,1005,8,1
17/06/2026,1025,19,1
17/06/2026,1045,1,1
17/06/2026,1076,12,1
17/06/2026,1155,8,1
17/06/2026,1243,10,1
17/06/2026,1253,12,1
17/06/2026,1326,19,1
17/06/2026,1396,8,1
17/06/2026,1425,12,1
17/06/2026,1480,10,2
16/06/2026,122,19,2
16/06/2026,202,4,1
16/06/2026,250,13,1
16/06/2026,350,13,1
16/06/2026,485,4,2
16/06/2026,668,13,1
16/06/2026,795,19,1
16/06/2026,822,13,1
16/06/2026,931,19,1
16/06/2026,983,13,1
16/06/2026,1139,4,1
16/06/2026,1200,19,1
16/06/2026,1228,19,1
16/06/2026,1291,19,1
16/06/2026,1425,13,1
16/06/2026,1458,4,2
16/06/2026,1526,19,1
16/06/2026,1527,19,2
15/06/2026,130,10,1
15/06/2026,286,1,2
15/06/2026,417,10,1
15/06/2026,425,1,1
15/06/2026,522,10,1
15/06/2026,705,1,2
15/06/2026,1126,10,1
14/06/2026,190,24,1
14/06/2026,324,10,2
14/06/2026,386,10,1
14/06/2026,467,24,1
14/06/2026,479,21,1
14/06/2026,606,21,1
14/06/2026,686,21,2
14/06/2026,792,21,1
14/06/2026,863,24,1
14/06/2026,873,21,1
14/06/2026,1281,21,1
14/06/2026,1294,24,1
14/06/2026,1469,24,1
13/06/2026,149,24,1
13/06/2026,278,11,1
13/06/2026,402,4,1
13/06/2026,530,11,1
13/06/2026,626,24,1
13/06/2026,682,4,1
13/06/2026,713,11,2
13/06/2026,1062,4,1
12/06/2026,49,8,1
12/06/2026,231,8,1
12/06/2026,334,8,1
12/06/2026,388,16,1
12/06/2026,390,16,1
12/06/2026,461,16,2
12/06/2026,506,8,2
12/06/2026,528,16,1
12/06/2026,713,16,1
12/06/2026,838,8,1
12/06/2026,839,16,1
12/06/2026,865,8,1
12/06/2026,924,16,1
12/06/2026,1081,8,1
12/06/2026,1137,8,1
12/06/2026,1248,8,2
12/06/2026,1311,8,1
12/06/2026,1401,16,1
12/06/2026,1522,8,1
11/06/2026,15,12,2
11/06/2026,127,7,1
11/06/2026,228,21,1
11/06/2026,345,24,1
11/06/2026,426,12,1
11/06/2026,510,24,1
11/06/2026,620,12,1
11/06/2026,629,21,1
11/06/2026,718,12,1
11/06/2026,756,7,1
11/06/2026,787,24,1
11/06/2026,874,7,1
11/06/2026,907,7,1
11/06/2026,1037,12,1
11/06/2026,1147,4,2
11/06/2026,1148,12,1
11/06/2026,1267,12,1
11/06/2026,1390,7,1
11/06/2026,1455,12,1
11/06/2026,1503,7,1
11/06/2026,1535,21,1
11/06/2026,1543,24,2
10/06/2026,18,17,1
10/06/2026,49,16,2
10/06/2026,78,17,1
10/06/2026,104,16,1
10/06/2026,365,18,1
10/06/2026,434,17,2
10/06/2026,490,8,1
10/06/2026,565,17,1
10/06/2026,625,17,1
10/06/2026,627,17,1
10/06/2026,679,8,2
10/06/2026,831,18,1
10/06/2026,884,8,1
10/06/2026,964,17,2
10/06/2026,981,18,1
10/06/2026,1035,8,1
10/06/2026,1076,17,1
10/06/2026,1104,4,1
10/06/2026,1214,18,1
10/06/2026,1432,17,2
09/06/2026,2,20,2
09/06/2026,585,19,1
09/06/2026,633,19,1
09/06/2026,952,19,2
09/06/2026,1210,19,1
09/06/2026,1367,20,2
09/06/2026,1481,19,1
08/06/2026,17,11,1
08/06/2026,522,18,2
08/06/2026,620,11,1
08/06/2026,929,1,1
08/06/2026,949,1,1
08/06/2026,1337,11,1
08/06/2026,1520,11,1
07/06/2026,173,15,1
07/06/2026,462,15,1
07/06/2026,1237,15,1
07/06/2026,1503,15,1
06/06/2026,13,8,1
06/06/2026,182,19,1
06/06/2026,239,17,1
06/06/2026,280,8,1
06/06/2026,292,8,1
06/06/2026,305,19,1
06/06/2026,396,19,1
06/06/2026,396,17,1
06/06/2026,491,17,1
06/06/2026,645,17,1
06/06/2026,660,8,1
06/06/2026,678,8,2
06/06/2026,742,8,1
06/06/2026,759,18,1
06/06/2026,842,8,1
06/06/2026,868,8,2
06/06/2026,887,19,2
06/06/2026,912,8,2
06/06/2026,1071,17,1
06/06/2026,1077,8,2
06/06/2026,1100,19,1
06/06/2026,1126,8,1
06/06/2026,1142,17,1
06/06/2026,1270,17,1
06/06/2026,1273,17,2
06/06/2026,1469,17,1
06/06/2026,1484,19,1
06/06/2026,1489,19,2
05/06/2026,77,15,1
05/06/2026,81,19,1
05/06/2026,102,17,2
05/06/2026,108,8,2
05/06/2026,313,15,1
05/06/2026,385,15,1
05/06/2026,413,15,2
05/06/2026,437,17,1
05/06/2026,453,8,1
05/06/2026,476,8,1
05/06/2026,822,8,1
05/06/2026,869,19,2
05/06/2026,884,8,1
05/06/2026,891,19,1
05/06/2026,919,19,1
05/06/2026,959,8,1
05/06/2026,978,15,1
05/06/2026,1131,15,2
05/06/2026,1215,19,1
05/06/2026,1450,19,1
04/06/2026,126,17,1
04/06/2026,443,17,1
04/06/2026,557,12,1
04/06/2026,560,12,1
04/06/2026,564,24,1
04/06/2026,767,12,1
04/06/2026,954,17,1
04/06/2026,1114,17,1
04/06/2026,1131,17,1
04/06/2026,1181,24,1
04/06/2026,1252,24,2
04/06/2026,1295,12,2
03/06/2026,311,3,1
03/06/2026,392,4,1
03/06/2026,406,13,1
03/06/2026,492,13,1
03/06/2026,497,4,1
03/06/2026,501,16,1
03/06/2026,528,4,1
03/06/2026,655,16,1
03/06/2026,711,4,2
03/06/2026,927,16,1
03/06/2026,994,13,1
03/06/2026,1092,4,1
03/06/2026,1246,13,2
03/06/2026,1290,4,1
03/06/2026,1475,13,1
02/06/2026,9,24,2
02/06/2026,126,8,1
02/06/2026,142,24,1
02/06/2026,206,8,2
02/06/2026,235,7,1
02/06/2026,247,17,1
02/06/2026,266,23,1
02/06/2026,274,17,1
02/06/2026,288,20,1
02/06/2026,296,8,1
02/06/2026,302,24,1
02/06/2026,374,8,1
02/06/2026,415,4,1
02/06/2026,440,4,1
02/06/2026,491,17,1
02/06/2026,495,24,1
02/06/2026,512,23,1
02/06/2026,552,7,1
02/06/2026,590,17,1
02/06/2026,601,4,1
02/06/2026,608,8,1
02/06/2026,668,17,1
02/06/2026,749,17,2
02/06/2026,947,9,1
02/06/2026,968,8,1
02/06/2026,983,9,1
02/06/2026,991,8,1
02/06/2026,1068,17,1
02/06/2026,1075,9,1
02/06/2026,1138,24,1
02/06/2026,1283,4,2
02/06/2026,1314,17,1
02/06/2026,1339,8,1
02/06/2026,1350,20,1
02/06/2026,1353,8,1
02/06/2026,1408,20,1
02/06/2026,1446,9,1
02/06/2026,1462,23,1
01/06/2026,2,13,1
01/06/2026,26,17,1
01/06/2026,166,17,1
01/06/2026,295,13,1
01/06/2026,397,13,1
01/06/2026,863,17,1
01/06/2026,987,17,1
01/06/2026,1230,17,1
01/06/2026,1263,13,1
01/06/2026,1335,17,1
01/06/2026,1408,17,1
01/06/2026,1412,17,1
01/06/2026,1430,17,1
01/06/2026,1497,17,1
01/06/2026,1498,13,2
29/05/2026,154,3,1
29/05/2026,164,17,1
29/05/2026,183,17,1
29/05/2026,345,21,1
29/05/2026,558,21,2
29/05/2026,697,21,1
29/05/2026,797,21,1
29/05/2026,977,21,2
29/05/2026,1033,20,1
29/05/2026,1169,21,2
29/05/2026,1182,17,1
29/05/2026,1194,20,1
29/05/2026,1295,17,2
28/05/2026,504,13,1
28/05/2026,1416,13,1
27/05/2026,84,8,1
27/05/2026,264,19,1
27/05/2026,292,8,1
27/05/2026,318,16,1
27/05/2026,500,8,1
27/05/2026,573,19,1
27/05/2026,592,10,1
27/05/2026,599,19,1
27/05/2026,666,8,1
27/05/2026,670,19,1
27/05/2026,753,16,1
27/05/2026,781,9,1
27/05/2026,813,8,1
27/05/2026,1107,16,1
27/05/2026,1141,16,1
27/05/2026,1221,19,2
27/05/2026,1239,8,1
27/05/2026,1247,16,1
27/05/2026,1306,19,2
27/05/2026,1358,19,1
27/05/2026,1462,8,1
27/05/2026,1487,16,1
26/05/2026,76,12,1
26/05/2026,195,12,2
26/05/2026,336,17,1
26/05/2026,381,12,1
26/05/2026,406,4,2
26/05/2026,443,12,2
26/05/2026,457,4,2
26/05/2026,963,17,1
26/05/2026,1010,12,1
26/05/2026,1032,12,1
26/05/2026,1054,12,1
26/05/2026,1133,17,1
26/05/2026,1341,4,1
26/05/2026,1531,12,1
26/05/2026,1537,12,1
26/05/2026,1540,17,1
25/05/2026,126,4,1
25/05/2026,132,4,1
25/05/2026,188,4,1
25/05/2026,328,11,1
25/05/2026,375,24,1
25/05/2026,449,11,2
25/05/2026,501,11,1
25/05/2026,596,11,1
25/05/2026,768,11,1
25/05/2026,806,11,1
25/05/2026,810,4,1
25/05/2026,904,4,1
25/05/2026,1251,24,1
25/05/2026,1268,4,1
25/05/2026,1333,4,1
25/05/2026,1550,11,1
24/05/2026,144,17,1
24/05/2026,406,19,1
24/05/2026,414,19,1
24/05/2026,423,6,1
24/05/2026,426,7,1
24/05/2026,493,19,1
24/05/2026,537,7,1
24/05/2026,747,7,1
24/05/2026,759,7,1
24/05/2026,762,7,1
24/05/2026,769,7,1
24/05/2026,814,7,1
24/05/2026,855,19,1
24/05/2026,904,17,1
24/05/2026,963,17,1
24/05/2026,1040,19,2
24/05/2026,1111,19,1
24/05/2026,1149,17,1
24/05/2026,1298,7,1
24/05/2026,1354,17,1
24/05/2026,1366,7,1
24/05/2026,1473,19,1
24/05/2026,1511,19,1
23/05/2026,167,1,2
23/05/2026,677,12,1
23/05/2026,680,12,1
23/05/2026,716,12,2
23/05/2026,841,1,1
23/05/2026,899,12,1
23/05/2026,1002,1,1
23/05/2026,1206,1,1
23/05/2026,1493,1,1
22/05/2026,174,16,1
22/05/2026,355,16,1
22/05/2026,711,16,1
22/05/2026,1252,16,1
22/05/2026,1253,16,1
21/05/2026,30,16,1
21/05/2026,90,24,1
21/05/2026,141,21,1
21/05/2026,225,24,1
21/05/2026,347,24,1
21/05/2026,352,16,1
21/05/2026,374,7,1
21/05/2026,418,16,2
21/05/2026,438,16,1
21/05/2026,466,21,1
21/05/2026,662,7,1
21/05/2026,670,16,1
21/05/2026,714,21,1
21/05/2026,758,24,1
21/05/2026,795,16,1
21/05/2026,802,21,1
21/05/2026,866,11,1
21/05/2026,877,16,1
21/05/2026,998,11,1
21/05/2026,1089,16,1
21/05/2026,1145,21,1
21/05/2026,1149,7,2
21/05/2026,1421,16,1
21/05/2026,1519,7,1
21/05/2026,1548,21,1
20/05/2026,19,19,1
20/05/2026,241,19,1
20/05/2026,341,19,1
20/05/2026,908,24,1
20/05/2026,949,19,1
20/05/2026,1111,19,1
20/05/2026,1179,24,1
20/05/2026,1369,19,1
19/05/2026,99,18,1
19/05/2026,617,12,2
19/05/2026,658,10,1
19/05/2026,680,12,1
19/05/2026,974,18,1
19/05/2026,1244,10,1
19/05/2026,1272,11,1
19/05/2026,1348,12,1
19/05/2026,1355,11,1
19/05/2026,1429,10,2
19/05/2026,1434,12,2
19/05/2026,1483,12,1
19/05/2026,1518,12,2
19/05/2026,1533,12,1
18/05/2026,1461,23,1
17/05/2026,13,16,1
17/05/2026,128,20,1
17/05/2026,170,13,1
17/05/2026,210,8,1
17/05/2026,219,13,1
17/05/2026,238,8,1
17/05/2026,315,16,2
17/05/2026,389,8,1
17/05/2026,390,8,1
17/05/2026,397,20,1
17/05/2026,566,17,1
17/05/2026,652,18,1
17/05/2026,749,13,1
17/05/2026,750,16,1
17/05/2026,750,13,1
17/05/2026,783,18,1
17/05/2026,811,16,1
17/05/2026,825,8,1
17/05/2026,865,13,1
17/05/2026,866,17,1
17/05/2026,877,17,1
17/05/2026,1003,13,1
17/05/2026,1091,8,1
17/05/2026,1200,17,2
17/05/2026,1221,13,1
17/05/2026,1258,16,1
17/05/2026,1302,20,1
17/05/2026,1306,17,1
17/05/2026,1408,16,1
17/05/2026,1412,13,2
17/05/2026,1462,10,1
17/05/2026,1521,10,1
17/05/2026,1538,13,1
16/05/2026,339,20,1
16/05/2026,630,18,1
14/05/2026,39,3,1
14/05/2026,187,9,2
14/05/2026,216,12,1
14/05/2026,336,12,1
14/05/2026,929,12,1
14/05/2026,1041,12,1
14/05/2026,1101,3,2
13/05/2026,99,8,1
13/05/2026,109,8,1
13/05/2026,110,15,1
13/05/2026,246,9,2
13/05/2026,271,24,1
13/05/2026,373,9,1
13/05/2026,396,24,1
13/05/2026,449,24,2
13/05/2026,543,7,1
13/05/2026,633,8,2
13/05/2026,648,8,1
13/05/2026,653,8,1
13/05/2026,690,7,1
13/05/2026,849,8,1
13/05/2026,1065,8,1
13/05/2026,1134,9,1
13/05/2026,1280,7,1
13/05/2026,1295,15,2
13/05/2026,1424,15,1
13/05/2026,1523,7,1
12/05/2026,20,16,1
12/05/2026,22,16,1
12/05/2026,101,15,1
12/05/2026,214,11,1
12/05/2026,251,15,1
12/05/2026,266,15,1
12/05/2026,320,11,2
12/05/2026,357,11,1
12/05/2026,366,16,1
12/05/2026,416,11,2
12/05/2026,526,15,1
12/05/2026,609,16,1
12/05/2026,663,16,1
12/05/2026,936,11,1
12/05/2026,967,11,1
12/05/2026,1069,15,1
12/05/2026,1086,16,2
12/05/2026,1179,11,1
12/05/2026,1242,11,1
12/05/2026,1472,15,1
12/05/2026,1487,15,1
11/05/2026,267,17,1
11/05/2026,278,6,1
11/05/2026,463,6,1
11/05/2026,509,7,2
11/05/2026,583,17,1
11/05/2026,611,17,1
11/05/2026,676,7,1
11/05/2026,710,17,1
11/05/2026,854,7,1
11/05/2026,929,7,1
11/05/2026,962,7,1
11/05/2026,1011,7,1
11/05/2026,1147,17,2
11/05/2026,1181,6,1
11/05/2026,1246,6,1
11/05/2026,1420,6,1
09/05/2026,225,19,2
09/05/2026,263,13,1
09/05/2026,347,13,2
09/05/2026,458,23,1
09/05/2026,549,19,2
09/05/2026,600,15,1
09/05/2026,687,13,2
09/05/2026,710,13,1
09/05/2026,931,13,1
09/05/2026,1067,23,1
09/05/2026,1111,15,1
09/05/2026,1144,19,1
09/05/2026,1164,13,1
09/05/2026,1200,19,1
09/05/2026,1214,7,1
09/05/2026,1254,7,1
09/05/2026,1413,13,1
09/05/2026,1421,19,1
09/05/2026,1471,19,1
08/05/2026,171,17,1
08/05/2026,442,20,1
08/05/2026,442,23,2
08/05/2026,484,24,1
08/05/2026,987,17,1
08/05/2026,1003,20,1
08/05/2026,1120,17,1
08/05/2026,1348,24,2
07/05/2026,32,13,1
07/05/2026,730,13,1
07/05/2026,918,13,1
07/05/2026,977,13,1
07/05/2026,1281,13,1
07/05/2026,1353,13,1
07/05/2026,1383,13,1
07/05/2026,1414,13,1
07/05/2026,1557,13,1
06/05/2026,266,4,2
06/05/2026,351,3,1
06/05/2026,557,13,2
06/05/2026,605,6,1
06/05/2026,1159,6,1
06/05/2026,1221,4,1
06/05/2026,1313,13,1
06/05/2026,1555,4,1
05/05/2026,143,21,1
05/05/2026,270,3,1
05/05/2026,343,3,2
05/05/2026,396,3,2
05/05/2026,639,21,2
05/05/2026,685,3,1
05/05/2026,999,21,1
05/05/2026,1332,21,1
05/05/2026,1549,20,1
04/05/2026,20,7,1
04/05/2026,159,3,2
04/05/2026,450,7,1
04/05/2026,481,3,2
04/05/2026,852,7,1
04/05/2026,874,7,1
04/05/2026,1134,7,1
04/05/2026,1167,7,1
04/05/2026,1375,7,2
04/05/2026,1510,3,1
03/05/2026,63,8,1
03/05/2026,233,7,1
03/05/2026,321,8,1
03/05/2026,332,8,1
03/05/2026,399,17,2
03/05/2026,574,8,1
03/05/2026,576,10,1
03/05/2026,583,7,1
03/05/2026,727,17,1
03/05/2026,924,7,1
03/05/2026,1045,8,1
03/05/2026,1051,17,1
03/05/2026,1071,7,1
03/05/2026,1100,7,2
03/05/2026,1129,7,1
03/05/2026,1161,17,2
03/05/2026,1179,17,1
03/05/2026,1185,10,1
03/05/2026,1342,10,1
03/05/2026,1386,10,1
03/05/2026,1487,17,1
03/05/2026,1491,8,1
02/05/2026,46,7,1
02/05/2026,70,11,1
02/05/2026,93,11,1
02/05/2026,463,15,1
02/05/2026,471,15,2
02/05/2026,639,21,1
02/05/2026,734,15,2
02/05/2026,785,15,1
02/05/2026,951,11,1
02/05/2026,1046,11,1
02/05/2026,1139,7,1
02/05/2026,1153,15,1
02/05/2026,1165,11,1
02/05/2026,1405,21,2
02/05/2026,1497,11,1
01/05/2026,14,7,1
01/05/2026,106,12,1
01/05/2026,163,4,1
01/05/2026,189,4,1
01/05/2026,296,12,1
01/05/2026,373,4,1
01/05/2026,396,4,1
01/05/2026,432,19,1
01/05/2026,509,12,2
01/05/2026,660,19,1
01/05/2026,888,6,1
01/05/2026,915,4,1
01/05/2026,1058,4,1
01/05/2026,1201,7,1
01/05/2026,1243,19,1
01/05/2026,1379,4,1
01/05/2026,1438,4,1
01/05/2026,1487,6,2
01/05/2026,1499,6,1
30/04/2026,229,13,1
30/04/2026,310,11,2
30/04/2026,497,13,1
30/04/2026,644,1,1
30/04/2026,687,13,1
30/04/2026,922,11,1
30/04/2026,980,1,1
30/04/2026,1044,13,1
30/04/2026,1158,1,1
30/04/2026,1178,1,1
30/04/2026,1277,11,1
30/04/2026,1372,11,2
30/04/2026,1377,11,1
30/04/2026,1394,11,1
30/04/2026,1449,1,1
30/04/2026,1521,11,2
29/04/2026,10,17,1
29/04/2026,46,19,1
29/04/2026,167,11,1
29/04/2026,201,19,1
29/04/2026,206,19,2
29/04/2026,329,11,1
29/04/2026,359,21,2
29/04/2026,365,19,1
29/04/2026,398,21,1
29/04/2026,437,11,1
29/04/2026,451,21,2
29/04/2026,468,8,1
29/04/2026,506,17,2
29/04/2026,547,8,1
29/04/2026,549,21,2
29/04/2026,574,21,2
29/04/2026,649,21,1
29/04/2026,683,8,1
29/04/2026,693,19,1
29/04/2026,767,18,2
29/04/2026,768,19,1
29/04/2026,864,13,1
29/04/2026,960,8,1
29/04/2026,1070,17,1
29/04/2026,1092,8,1
29/04/2026,1126,8,1
29/04/2026,1191,13,2
29/04/2026,1241,13,1
29/04/2026,1312,17,1
29/04/2026,1321,11,1
29/04/2026,1472,21,1
29/04/2026,1511,11,1
28/04/2026,178,19,1
28/04/2026,238,4,1
28/04/2026,371,19,2
28/04/2026,416,19,1
28/04/2026,449,4,1
28/04/2026,545,19,1
28/04/2026,749,19,2
28/04/2026,918,19,1
28/04/2026,956,19,1
28/04/2026,984,19,1
28/04/2026,1085,19,1
28/04/2026,1245,4,1
28/04/2026,1506,4,1
27/04/2026,40,24,1
27/04/2026,155,11,1
27/04/2026,269,13,2
27/04/2026,413,24,1
27/04/2026,491,13,1
27/04/2026,493,19,1
27/04/2026,529,11,1
27/04/2026,562,19,1
27/04/2026,750,19,1
27/04/2026,761,24,1
27/04/2026,953,24,1
27/04/2026,1096,24,1
27/04/2026,1181,11,2
27/04/2026,1372,19,1
27/04/2026,1445,11,1
27/04/2026,1455,13,1
27/04/2026,1552,24,1
26/04/2026,159,10,1
26/04/2026,162,10,1
26/04/2026,282,6,2
26/04/2026,460,12,1
26/04/2026,493,7,1
26/04/2026,763,6,1
26/04/2026,880,10,1
26/04/2026,973,12,1
26/04/2026,1157,7,1
26/04/2026,1348,12,1
26/04/2026,1435,6,1
26/04/2026,1510,12,1
25/04/2026,316,1,1
25/04/2026,319,9,1
25/04/2026,407,24,1
25/04/2026,412,1,1
25/04/2026,700,23,1
25/04/2026,766,24,1
25/04/2026,969,24,1
25/04/2026,1052,24,1
25/04/2026,1287,1,1
25/04/2026,1391,24,1
24/04/2026,9,8,2
24/04/2026,103,8,1
24/04/2026,216,16,1
24/04/2026,232,8,1
24/04/2026,364,21,1
24/04/2026,420,23,1
24/04/2026,421,8,1
24/04/2026,510,8,1
24/04/2026,793,21,1
24/04/2026,797,21,2
24/04/2026,800,16,1
24/04/2026,833,16,1
24/04/2026,836,16,2
24/04/2026,872,9,1
24/04/2026,899,16,1
24/04/2026,904,16,1
24/04/2026,1016,16,2
24/04/2026,1453,8,1
24/04/2026,1480,21,1
24/04/2026,1508,8,2
22/04/2026,408,4,1
22/04/2026,898,4,1
22/04/2026,1001,4,1
22/04/2026,1157,4,1
21/04/2026,139,19,1
21/04/2026,353,19,2
21/04/2026,629,19,1
21/04/2026,811,19,2
21/04/2026,903,19,1
21/04/2026,1148,19,1
21/04/2026,1157,19,1
21/04/2026,1431,19,1
20/04/2026,49,15,1
20/04/2026,98,6,2
20/04/2026,289,15,2
20/04/2026,408,20,1
20/04/2026,509,15,1
20/04/2026,1227,15,2
20/04/2026,1287,15,1
19/04/2026,119,15,1
19/04/2026,306,24,1
19/04/2026,369,24,1
19/04/2026,489,24,2
19/04/2026,1029,24,1
19/04/2026,1078,15,1
19/04/2026,1164,24,1
19/04/2026,1436,15,1
18/04/2026,89,24,1
18/04/2026,207,24,1
18/04/2026,404,7,1
18/04/2026,509,1,1
18/04/2026,751,1,2
18/04/2026,942,18,1
18/04/2026,1073,18,2
18/04/2026,1386,24,2
18/04/2026,1485,24,1
17/04/2026,37,15,1
17/04/2026,144,19,1
17/04/2026,327,12,1
17/04/2026,375,12,1
17/04/2026,401,19,1
17/04/2026,661,15,1
17/04/2026,943,12,1
17/04/2026,1026,12,1
17/04/2026,1296,12,1
17/04/2026,1459,12,1
16/04/2026,52,15,1
16/04/2026,90,8,1
16/04/2026,127,3,1
16/04/2026,242,8,1
16/04/2026,254,3,2
16/04/2026,274,3,1
16/04/2026,282,15,1
16/04/2026,397,8,2
16/04/2026,483,15,1
16/04/2026,486,8,1
16/04/2026,571,15,1
16/04/2026,792,3,1
16/04/2026,801,3,1
16/04/2026,813,8,1
16/04/2026,889,15,1
16/04/2026,961,3,1
16/04/2026,971,15,1
16/04/2026,1259,8,1
16/04/2026,1312,15,1
16/04/2026,1345,8,1
16/04/2026,1377,3,2
16/04/2026,1488,15,1
15/04/2026,76,16,1
15/04/2026,91,21,1
15/04/2026,341,6,2
15/04/2026,481,6,1
15/04/2026,541,16,1
15/04/2026,684,21,2
15/04/2026,723,6,1
15/04/2026,824,16,1
15/04/2026,902,21,1
15/04/2026,1003,21,1
15/04/2026,1009,21,1
15/04/2026,1115,16,2
15/04/2026,1325,10,1
15/04/2026,1352,21,1
15/04/2026,1442,16,1
15/04/2026,1525,6,2
15/04/2026,1551,21,2
14/04/2026,408,16,2
14/04/2026,535,21,1
14/04/2026,545,16,1
14/04/2026,547,21,1
14/04/2026,561,21,1
14/04/2026,1123,21,1
14/04/2026,1255,16,1
14/04/2026,1269,21,1
14/04/2026,1396,16,1
13/04/2026,86,8,1
13/04/2026,268,8,2
13/04/2026,658,8,1
13/04/2026,959,8,1
13/04/2026,1517,8,2
12/04/2026,100,23,1
12/04/2026,179,11,1
12/04/2026,181,21,1
12/04/2026,230,11,1
12/04/2026,397,11,1
12/04/2026,430,11,1
12/04/2026,439,11,1
12/04/2026,550,11,2
12/04/2026,722,9,1
12/04/2026,767,21,1
12/04/2026,889,21,1
12/04/2026,899,11,1
12/04/2026,906,23,1
12/04/2026,1025,11,1
12/04/2026,1125,9,1
12/04/2026,1261,11,1
12/04/2026,1279,21,1
12/04/2026,1292,21,1
12/04/2026,1340,21,1
12/04/2026,1374,11,1
12/04/2026,1395,21,2
12/04/2026,1514,11,1
11/04/2026,247,24,1
11/04/2026,477,24,1
11/04/2026,725,24,1
11/04/2026,1342,24,1
11/04/2026,1529,24,2
10/04/2026,121,12,1
10/04/2026,137,4,1
10/04/2026,241,15,1
10/04/2026,366,7,2
10/04/2026,455,12,1
10/04/2026,478,20,1
10/04/2026,568,20,1
10/04/2026,644,4,1
10/04/2026,734,7,1
10/04/2026,908,20,1
10/04/2026,1042,12,1
10/04/2026,1102,4,2
10/04/2026,1148,12,1
10/04/2026,1170,4,1
10/04/2026,1257,12,2
10/04/2026,1385,4,1
09/04/2026,13,23,1
09/04/2026,275,4,2
09/04/2026,663,15,1
09/04/2026,805,21,1
09/04/2026,894,21,2
09/04/2026,974,4,1
09/04/2026,1098,15,2
09/04/2026,1178,23,1
09/04/2026,1235,23,1
09/04/2026,1498,4,1
08/04/2026,102,23,1
08/04/2026,190,23,1
08/04/2026,240,21,1
08/04/2026,340,21,1
08/04/2026,399,21,1
08/04/2026,496,21,1
08/04/2026,876,21,1
08/04/2026,951,20,1
08/04/2026,1157,21,1
08/04/2026,1165,20,1
08/04/2026,1266,21,1
08/04/2026,1371,21,1
08/04/2026,1375,9,1
08/04/2026,1415,20,1
08/04/2026,1432,21,1
08/04/2026,1474,21,1
08/04/2026,1513,23,1
07/04/2026,12,17,1
07/04/2026,144,17,2
07/04/2026,398,17,1
07/04/2026,745,12,1
07/04/2026,843,3,2
07/04/2026,848,12,1
07/04/2026,1043,17,1
07/04/2026,1300,3,1
07/04/2026,1393,12,1
07/04/2026,1484,12,1
07/04/2026,1506,12,1
06/04/2026,18,11,1
05/04/2026,29,1,2
05/04/2026,102,3,1
05/04/2026,275,23,2
05/04/2026,358,1,1
05/04/2026,928,3,2
05/04/2026,1318,1,1
04/04/2026,183,4,1
02/04/2026,67,15,1
02/04/2026,114,4,1
02/04/2026,416,9,1
02/04/2026,547,4,1
02/04/2026,606,9,1
02/04/2026,916,9,1
02/04/2026,940,4,2
02/04/2026,1268,9,1
02/04/2026,1348,4,1
01/04/2026,344,8,1
01/04/2026,364,8,1
01/04/2026,457,16,1
01/04/2026,470,8,1
01/04/2026,524,16,1
01/04/2026,581,8,2
01/04/2026,863,17,1
01/04/2026,1041,17,1
01/04/2026,1235,8,1
01/04/2026,1417,17,1
01/04/2026,1508,8,1
30/03/2026,510,9,1
30/03/2026,619,6,1
30/03/2026,687,9,1
30/03/2026,850,17,1
30/03/2026,981,17,2
30/03/2026,1190,9,1
30/03/2026,1230,17,1
30/03/2026,1428,6,1
30/03/2026,1548,17,1
30/03/2026,1553,17,1
29/03/2026,11,12,1
29/03/2026,35,12,2
29/03/2026,65,12,2
29/03/2026,207,16,1
29/03/2026,331,15,1
29/03/2026,410,16,1
29/03/2026,411,15,1
29/03/2026,537,16,1
29/03/2026,636,15,1
29/03/2026,705,12,1
29/03/2026,838,15,1
29/03/2026,881,18,1
29/03/2026,907,18,1
29/03/2026,958,16,1
29/03/2026,985,12,1
29/03/2026,1185,15,1
29/03/2026,1244,16,1
29/03/2026,1279,12,1
29/03/2026,1337,15,2
29/03/2026,1462,16,1
28/03/2026,112,24,1
28/03/2026,462,24,1
28/03/2026,867,23,1
28/03/2026,1100,23,1
28/03/2026,1393,24,1
27/03/2026,234,6,1
27/03/2026,410,6,1
27/03/2026,460,4,1
27/03/2026,801,6,1
27/03/2026,900,4,1
27/03/2026,924,4,1
27/03/2026,944,4,1
27/03/2026,1005,6,1
27/03/2026,1070,4,1
27/03/2026,1167,4,2
27/03/2026,1211,1,2
27/03/2026,1342,4,1
27/03/2026,1423,1,1
27/03/2026,1479,6,1
27/03/2026,1539,4,1
26/03/2026,203,24,1
26/03/2026,327,24,1
26/03/2026,852,24,1
26/03/2026,989,11,1
26/03/2026,1165,11,1
26/03/2026,1204,24,1
26/03/2026,1307,11,1
26/03/2026,1420,24,1
26/03/2026,1461,11,2
25/03/2026,46,17,1
25/03/2026,52,24,1
25/03/2026,426,16,2
25/03/2026,428,16,1
25/03/2026,533,24,1
25/03/2026,547,17,1
25/03/2026,584,9,1
25/03/2026,655,24,1
25/03/2026,660,9,1
25/03/2026,807,17,2
25/03/2026,879,1,1
25/03/2026,1064,17,1
25/03/2026,1088,24,1
25/03/2026,1182,24,2
25/03/2026,1266,17,1
25/03/2026,1553,17,1
24/03/2026,165,1,1
24/03/2026,287,1,1
24/03/2026,460,19,2
24/03/2026,543,19,1
24/03/2026,675,19,1
24/03/2026,918,19,2
24/03/2026,932,1,2
24/03/2026,1062,19,1
24/03/2026,1178,1,1
24/03/2026,1448,1,1
23/03/2026,425,13,1
23/03/2026,439,4,1
23/03/2026,816,4,2
23/03/2026,841,13,2
23/03/2026,896,13,1
23/03/2026,1159,13,1
23/03/2026,1215,13,1
23/03/2026,1392,4,2
23/03/2026,1446,13,1
23/03/2026,1456,4,1
23/03/2026,1490,10,1
22/03/2026,37,15,2
22/03/2026,120,18,1
22/03/2026,154,21,1
22/03/2026,820,21,1
22/03/2026,978,18,1
22/03/2026,1069,15,1
22/03/2026,1193,15,1
22/03/2026,1318,15,1
21/03/2026,7,20,2
21/03/2026,223,24,1
21/03/2026,243,7,1
21/03/2026,301,12,1
21/03/2026,325,12,1
21/03/2026,380,11,1
21/03/2026,486,7,1
21/03/2026,490,19,1
21/03/2026,561,19,1
21/03/2026,575,7,1
21/03/2026,664,24,1
21/03/2026,740,6,1
21/03/2026,744,6,1
21/03/2026,759,19,2
21/03/2026,792,7,1
21/03/2026,805,19,1
21/03/2026,828,12,1
21/03/2026,859,11,2
21/03/2026,860,19,2
21/03/2026,868,9,1
21/03/2026,872,12,2
21/03/2026,969,7,1
21/03/2026,1041,19,2
21/03/2026,1098,19,1
21/03/2026,1110,19,1
21/03/2026,1123,6,1
21/03/2026,1148,6,1
21/03/2026,1162,7,1
21/03/2026,1243,11,2
21/03/2026,1458,9,1
21/03/2026,1502,9,1
21/03/2026,1523,12,1
20/03/2026,849,3,1
20/03/2026,1339,3,2
19/03/2026,130,1,1
19/03/2026,306,8,1
19/03/2026,307,12,1
19/03/2026,325,12,2
19/03/2026,347,1,1
19/03/2026,399,8,1
19/03/2026,506,11,1
19/03/2026,554,13,1
19/03/2026,558,8,1
19/03/2026,601,12,1
19/03/2026,700,12,1
19/03/2026,725,1,1
19/03/2026,735,8,1
19/03/2026,888,8,1
19/03/2026,964,13,1
19/03/2026,994,13,1
19/03/2026,1021,13,1
19/03/2026,1096,11,2
19/03/2026,1105,11,2
19/03/2026,1158,11,1
19/03/2026,1198,11,2
19/03/2026,1241,8,1
19/03/2026,1251,13,1
19/03/2026,1424,1,1
19/03/2026,1554,8,1
18/03/2026,246,19,1
18/03/2026,537,7,1
18/03/2026,1102,7,1
18/03/2026,1125,19,1
18/03/2026,1182,11,1
18/03/2026,1310,7,1
17/03/2026,38,8,1
17/03/2026,64,8,1
17/03/2026,113,8,1
17/03/2026,342,8,2
17/03/2026,370,15,1
17/03/2026,392,3,1
17/03/2026,530,8,1
17/03/2026,564,15,1
17/03/2026,743,6,1
17/03/2026,794,15,1
17/03/2026,840,6,1
17/03/2026,850,15,1
17/03/2026,993,6,1
17/03/2026,1082,6,1
17/03/2026,1099,8,1
17/03/2026,1183,10,1
17/03/2026,1213,6,1
17/03/2026,1279,15,1
17/03/2026,1294,8,2
17/03/2026,1493,8,1
16/03/2026,157,17,1
16/03/2026,556,17,1
15/03/2026,466,1,1
15/03/2026,579,1,1
15/03/2026,1151,1,1
15/03/2026,1281,1,1
15/03/2026,1346,1,1
14/03/2026,307,4,1
14/03/2026,471,4,1
14/03/2026,581,4,1
14/03/2026,901,4,1
14/03/2026,954,23,1
14/03/2026,1273,23,2
13/03/2026,532,9,1
13/03/2026,1403,9,1
12/03/2026,14,15,1
12/03/2026,43,8,1
12/03/2026,83,15,1
12/03/2026,159,8,2
12/03/2026,249,15,1
12/03/2026,325,8,1
12/03/2026,403,8,1
12/03/2026,416,15,1
12/03/2026,417,15,1
12/03/2026,521,8,1
12/03/2026,828,15,1
12/03/2026,892,15,1
12/03/2026,1029,15,1
12/03/2026,1066,8,1
12/03/2026,1100,8,1
12/03/2026,1105,8,2
12/03/2026,1121,8,1
12/03/2026,1285,8,2
12/03/2026,1405,8,1
12/03/2026,1524,8,1
11/03/2026,469,11,1
11/03/2026,520,9,1
11/03/2026,848,11,1
11/03/2026,854,11,1
11/03/2026,862,11,1
11/03/2026,1316,9,2
10/03/2026,180,4,1
10/03/2026,273,12,1
10/03/2026,307,4,1
10/03/2026,338,4,1
10/03/2026,368,12,1
10/03/2026,453,4,1
10/03/2026,606,13,1
10/03/2026,631,13,1
10/03/2026,829,12,1
10/03/2026,887,12,1
10/03/2026,949,12,1
10/03/2026,986,12,2
10/03/2026,1144,12,1
10/03/2026,1186,4,1
10/03/2026,1250,13,1
10/03/2026,1392,4,1
10/03/2026,1508,23,1
09/03/2026,179,16,1
09/03/2026,272,4,1
09/03/2026,473,16,1
09/03/2026,483,4,1
09/03/2026,843,16,1
09/03/2026,849,4,1
09/03/2026,928,4,1
09/03/2026,1026,16,1
09/03/2026,1074,16,1
09/03/2026,1163,16,2
09/03/2026,1276,4,1
08/03/2026,135,18,1
08/03/2026,180,1,1
08/03/2026,261,8,1
08/03/2026,272,1,1
08/03/2026,371,13,1
08/03/2026,387,13,1
08/03/2026,393,15,1
08/03/2026,401,13,1
08/03/2026,415,18,2
08/03/2026,444,15,1
08/03/2026,550,13,1
08/03/2026,564,13,1
08/03/2026,658,1,1
08/03/2026,663,1,1
08/03/2026,667,8,2
08/03/2026,689,1,1
08/03/2026,741,8,2
08/03/2026,755,18,1
08/03/2026,866,24,2
08/03/2026,911,8,1
08/03/2026,1025,13,1
08/03/2026,1041,13,1
08/03/2026,1316,13,1
08/03/2026,1321,18,1
08/03/2026,1376,15,1
08/03/2026,1400,8,1
07/03/2026,26,13,1
07/03/2026,40,13,1
07/03/2026,105,8,1
07/03/2026,160,13,1
07/03/2026,326,8,1
07/03/2026,328,8,1
07/03/2026,373,10,1
07/03/2026,462,13,1
07/03/2026,682,10,2
07/03/2026,711,13,1
07/03/2026,853,8,1
07/03/2026,958,13,1
07/03/2026,986,8,1
07/03/2026,1153,10,1
07/03/2026,1248,13,1
07/03/2026,1304,13,1
07/03/2026,1380,8,1
07/03/2026,1395,8,1
07/03/2026,1408,13,1
07/03/2026,1452,8,2
06/03/2026,116,3,1
06/03/2026,298,21,1
06/03/2026,478,9,1
06/03/2026,622,9,1
06/03/2026,650,3,1
06/03/2026,970,21,1
06/03/2026,1195,4,1
06/03/2026,1197,3,1
06/03/2026,1274,21,1
05/03/2026,862,6,1
05/03/2026,958,6,2
04/03/2026,93,7,1
04/03/2026,302,1,1
04/03/2026,332,1,2
04/03/2026,419,7,1
04/03/2026,439,7,1
04/03/2026,453,16,1
04/03/2026,745,1,1
04/03/2026,747,16,1
04/03/2026,754,1,2
04/03/2026,863,3,2
04/03/2026,897,3,1
04/03/2026,1014,3,1
04/03/2026,1100,3,1
04/03/2026,1104,7,1
04/03/2026,1160,7,2
04/03/2026,1171,16,1
04/03/2026,1222,3,1
04/03/2026,1246,16,1
04/03/2026,1307,1,2
04/03/2026,1314,16,1
04/03/2026,1501,7,1
04/03/2026,1536,16,2
03/03/2026,40,7,1
03/03/2026,129,8,2
03/03/2026,199,24,2
03/03/2026,250,7,1
03/03/2026,351,13,1
03/03/2026,373,7,1
03/03/2026,383,8,1
03/03/2026,522,13,1
03/03/2026,667,10,1
03/03/2026,667,18,1
03/03/2026,726,8,1
03/03/2026,869,10,1
03/03/2026,911,7,2
03/03/2026,931,24,1
03/03/2026,936,8,1
03/03/2026,974,8,1
03/03/2026,1012,8,1
03/03/2026,1102,8,2
03/03/2026,1377,8,1
03/03/2026,1461,10,1
02/03/2026,643,9,1
02/03/2026,713,3,1
02/03/2026,718,3,1
02/03/2026,724,3,2
02/03/2026,900,3,1
01/03/2026,327,7,2
01/03/2026,380,7,1
01/03/2026,559,7,2
01/03/2026,638,7,1
01/03/2026,696,17,1
01/03/2026,772,15,1
01/03/2026,887,7,1
01/03/2026,1052,17,1
01/03/2026,1118,15,1
01/03/2026,1181,7,1
01/03/2026,1208,17,1
01/03/2026,1451,17,1
01/03/2026,1556,15,1
28/02/2026,181,16,1
28/02/2026,277,16,1
28/02/2026,507,16,1
28/02/2026,539,16,1
28/02/2026,656,16,1
28/02/2026,1142,16,1
28/02/2026,1388,16,1
27/02/2026,32,19,1
27/02/2026,81,13,1
27/02/2026,107,18,1
27/02/2026,219,13,1
27/02/2026,256,10,2
27/02/2026,307,19,1
27/02/2026,396,18,1
27/02/2026,400,19,1
27/02/2026,467,10,2
27/02/2026,496,10,2
27/02/2026,540,20,1
27/02/2026,573,19,1
27/02/2026,591,18,1
27/02/2026,783,19,2
27/02/2026,845,10,1
27/02/2026,1222,19,2
26/02/2026,48,21,2
26/02/2026,172,21,1
26/02/2026,350,21,2
26/02/2026,522,21,1
26/02/2026,680,11,1
26/02/2026,771,21,1
26/02/2026,1002,21,1
26/02/2026,1102,11,1
25/02/2026,61,13,2
25/02/2026,93,20,1
25/02/2026,121,20,1
25/02/2026,516,20,1
25/02/2026,583,13,1
25/02/2026,775,13,1
25/02/2026,793,20,1
25/02/2026,921,15,1
25/02/2026,1264,20,1
25/02/2026,1335,15,1
25/02/2026,1364,15,1
23/02/2026,111,19,1
23/02/2026,137,4,1
23/02/2026,469,4,1
23/02/2026,584,10,1
23/02/2026,588,19,1
23/02/2026,836,19,1
23/02/2026,954,4,1
23/02/2026,1164,4,1
23/02/2026,1291,4,1
23/02/2026,1294,10,1
23/02/2026,1295,10,1
22/02/2026,116,13,1
22/02/2026,307,13,1
22/02/2026,343,10,1
22/02/2026,524,13,1
22/02/2026,586,19,1
22/02/2026,689,13,1
22/02/2026,730,10,2
22/02/2026,797,10,1
22/02/2026,816,9,1
22/02/2026,850,8,1
22/02/2026,1003,8,1
22/02/2026,1050,13,1
22/02/2026,1154,10,1
22/02/2026,1157,8,1
22/02/2026,1185,10,1
22/02/2026,1337,10,1
22/02/2026,1359,19,1
22/02/2026,1427,8,1
22/02/2026,1498,8,2
22/02/2026,1534,10,1
22/02/2026,1536,19,1
21/02/2026,162,15,1
21/02/2026,342,6,2
21/02/2026,520,6,1
21/02/2026,545,16,1
21/02/2026,819,16,1
21/02/2026,866,16,1
21/02/2026,1176,16,1
21/02/2026,1207,15,1
21/02/2026,1398,16,1
20/02/2026,47,20,1
20/02/2026,299,7,1
20/02/2026,361,7,1
20/02/2026,361,19,1
20/02/2026,419,7,1
20/02/2026,533,7,1
20/02/2026,763,19,1
20/02/2026,1048,19,1
20/02/2026,1112,19,1
20/02/2026,1179,19,1
19/02/2026,44,6,1
19/02/2026,74,1,1
19/02/2026,81,17,2
19/02/2026,133,23,2
19/02/2026,141,17,1
19/02/2026,161,3,1
19/02/2026,166,1,2
19/02/2026,202,17,1
19/02/2026,396,15,2
19/02/2026,458,17,1
19/02/2026,719,6,1
19/02/2026,720,6,1
19/02/2026,995,6,1
19/02/2026,1024,18,1
19/02/2026,1143,1,2
19/02/2026,1174,1,1
19/02/2026,1193,6,1
19/02/2026,1220,23,1
19/02/2026,1301,17,1
19/02/2026,1304,17,1
19/02/2026,1355,17,1
19/02/2026,1388,17,1
19/02/2026,1451,6,1
19/02/2026,1490,6,1
19/02/2026,1515,15,1
19/02/2026,1535,3,2
19/02/2026,1540,18,1
17/02/2026,86,17,1
17/02/2026,133,4,1
17/02/2026,166,1,1
17/02/2026,177,3,1
17/02/2026,279,3,1
17/02/2026,311,17,1
17/02/2026,426,17,2
17/02/2026,596,13,1
17/02/2026,694,17,2
17/02/2026,703,1,1
17/02/2026,968,13,1
17/02/2026,1157,3,1
17/02/2026,1211,1,2
17/02/2026,1288,13,1
17/02/2026,1378,1,1
17/02/2026,1387,3,1
17/02/2026,1441,17,2
16/02/2026,405,18,1
16/02/2026,592,18,1
16/02/2026,742,18,1
16/02/2026,955,18,1
15/02/2026,130,6,1
15/02/2026,137,1,1
15/02/2026,236,1,2
15/02/2026,276,24,1
15/02/2026,416,24,2
15/02/2026,572,1,1
15/02/2026,642,6,1
15/02/2026,673,24,1
15/02/2026,767,23,1
15/02/2026,837,24,1
15/02/2026,934,1,1
15/02/2026,1158,23,1
15/02/2026,1294,23,1
15/02/2026,1294,6,1
15/02/2026,1546,6,2
15/02/2026,1548,24,1
14/02/2026,190,21,1
14/02/2026,222,21,1
14/02/2026,323,21,2
14/02/2026,375,21,1
14/02/2026,774,21,1
14/02/2026,871,21,2
14/02/2026,1327,3,1
13/02/2026,45,7,2
13/02/2026,89,7,1
13/02/2026,129,7,1
13/02/2026,175,21,1
13/02/2026,256,12,1
13/02/2026,342,8,1
13/02/2026,353,16,1
13/02/2026,397,7,1
13/02/2026,572,7,1
13/02/2026,578,21,1
13/02/2026,661,12,1
13/02/2026,699,7,1
13/02/2026,770,7,1
13/02/2026,813,7,1
13/02/2026,929,12,1
13/02/2026,958,8,1
13/02/2026,993,12,1
13/02/2026,1034,21,1
13/02/2026,1052,7,1
13/02/2026,1076,21,1
13/02/2026,1165,8,2
13/02/2026,1185,12,1
13/02/2026,1358,7,1
13/02/2026,1378,12,2
13/02/2026,1406,16,1
13/02/2026,1410,12,1
13/02/2026,1448,16,1
13/02/2026,1516,7,1
12/02/2026,54,15,1
12/02/2026,76,17,1
12/02/2026,460,15,1
12/02/2026,489,15,1
12/02/2026,522,15,1
12/02/2026,558,15,1
12/02/2026,574,15,1
12/02/2026,885,17,1
12/02/2026,1318,15,1
12/02/2026,1473,17,1
11/02/2026,42,12,1
11/02/2026,135,9,2
11/02/2026,244,17,2
11/02/2026,283,6,1
11/02/2026,310,24,1
11/02/2026,324,9,1
11/02/2026,383,12,1
11/02/2026,511,12,1
11/02/2026,592,6,1
11/02/2026,726,12,1
11/02/2026,853,12,1
11/02/2026,882,6,1
11/02/2026,902,6,2
11/02/2026,1130,12,2
11/02/2026,1230,24,2
11/02/2026,1279,12,2
11/02/2026,1428,12,1
11/02/2026,1434,17,1
11/02/2026,1540,17,2
10/02/2026,24,13,1
10/02/2026,180,10,1
10/02/2026,194,1,1
10/02/2026,354,13,1
10/02/2026,456,1,1
10/02/2026,492,10,1
10/02/2026,504,23,1
10/02/2026,508,13,2
10/02/2026,537,1,1
10/02/2026,663,7,1
10/02/2026,719,7,2
10/02/2026,830,10,1
10/02/2026,844,13,1
10/02/2026,881,13,2
10/02/2026,1226,23,2
10/02/2026,1311,10,1
09/02/2026,125,12,2
09/02/2026,159,17,1
09/02/2026,346,11,1
09/02/2026,368,11,1
09/02/2026,382,11,1
09/02/2026,409,24,1
09/02/2026,431,17,1
09/02/2026,469,12,1
09/02/2026,608,24,1
09/02/2026,632,17,1
09/02/2026,755,17,1
09/02/2026,861,24,1
09/02/2026,1033,17,2
09/02/2026,1223,24,1
09/02/2026,1372,17,1
09/02/2026,1399,24,1
08/02/2026,99,8,1
08/02/2026,133,19,2
08/02/2026,231,19,1
08/02/2026,333,11,1
08/02/2026,399,19,1
08/02/2026,416,8,1
08/02/2026,446,8,2
08/02/2026,468,1,1
08/02/2026,497,11,1
08/02/2026,509,19,1
08/02/2026,520,8,1
08/02/2026,539,19,2
08/02/2026,585,8,1
08/02/2026,779,11,1
08/02/2026,829,8,1
08/02/2026,949,24,1
08/02/2026,968,1,1
08/02/2026,1113,11,1
08/02/2026,1252,11,1
08/02/2026,1419,11,1
07/02/2026,216,8,1
07/02/2026,348,16,1
07/02/2026,385,8,1
07/02/2026,424,8,1
07/02/2026,455,8,1
07/02/2026,602,8,1
07/02/2026,628,8,1
07/02/2026,644,16,1
07/02/2026,816,4,1
07/02/2026,867,8,1
07/02/2026,869,4,1
07/02/2026,941,8,1
07/02/2026,1010,8,1
07/02/2026,1038,8,2
07/02/2026,1084,8,1
07/02/2026,1145,16,1
07/02/2026,1402,4,1
07/02/2026,1525,8,1
06/02/2026,163,16,2
06/02/2026,383,11,1
06/02/2026,419,16,1
06/02/2026,541,11,1
06/02/2026,987,20,1
06/02/2026,1082,11,1
06/02/2026,1203,11,1
06/02/2026,1271,16,1
05/02/2026,261,15,1
05/02/2026,312,15,1
05/02/2026,769,6,1
05/02/2026,795,15,1
05/02/2026,891,4,1
05/02/2026,897,4,1
05/02/2026,1192,6,1
05/02/2026,1502,6,1
04/02/2026,199,12,1
04/02/2026,201,12,1
04/02/2026,244,12,1
04/02/2026,734,7,2
04/02/2026,1019,10,1
04/02/2026,1123,7,2
04/02/2026,1214,12,1
04/02/2026,1232,7,1
04/02/2026,1487,12,1
04/02/2026,1503,12,2
04/02/2026,1527,7,1
03/02/2026,232,13,1
03/02/2026,280,3,1
03/02/2026,342,3,1
03/02/2026,345,4,2
03/02/2026,375,3,1
03/02/2026,545,4,1
03/02/2026,550,15,2
03/02/2026,674,3,1
03/02/2026,782,4,1
03/02/2026,954,3,1
03/02/2026,1001,21,1
03/02/2026,1106,3,1
03/02/2026,1164,3,1
03/02/2026,1168,3,1
03/02/2026,1218,13,1
03/02/2026,1292,21,2
03/02/2026,1337,4,2
03/02/2026,1383,3,1
03/02/2026,1551,4,1
02/02/2026,65,8,1
02/02/2026,330,12,1
02/02/2026,490,24,2
02/02/2026,563,7,1
02/02/2026,622,12,1
02/02/2026,634,8,1
02/02/2026,703,7,1
02/02/2026,786,8,1
02/02/2026,816,24,1
02/02/2026,899,8,1
02/02/2026,903,12,1
02/02/2026,943,24,1
02/02/2026,1146,12,1
02/02/2026,1220,24,1
02/02/2026,1356,24,1
02/02/2026,1358,7,1
02/02/2026,1426,24,1
01/02/2026,310,13,1
01/02/2026,564,4,1
01/02/2026,702,4,1
01/02/2026,710,10,1
01/02/2026,716,10,2
01/02/2026,767,4,1
01/02/2026,843,13,1
01/02/2026,879,4,1
01/02/2026,1034,13,1
01/02/2026,1084,4,2
01/02/2026,1091,4,1
01/02/2026,1155,10,1
01/02/2026,1167,10,1
01/02/2026,1319,10,1
30/01/2026,368,24,1
30/01/2026,456,24,1
30/01/2026,845,24,1
30/01/2026,983,24,1
30/01/2026,1438,24,2
29/01/2026,252,12,1
29/01/2026,476,18,1
29/01/2026,647,18,1
29/01/2026,658,13,1
29/01/2026,710,13,1
29/01/2026,833,13,1
29/01/2026,915,13,1
29/01/2026,1028,18,1
29/01/2026,1036,13,1
29/01/2026,1062,13,1
29/01/2026,1524,9,1
28/01/2026,61,9,1
28/01/2026,196,1,1
28/01/2026,293,1,1
28/01/2026,354,1,1
28/01/2026,358,1,2
28/01/2026,620,1,1
28/01/2026,786,1,1
28/01/2026,814,9,1
28/01/2026,981,9,1
28/01/2026,1372,1,1
27/01/2026,427,24,1
27/01/2026,473,24,1
27/01/2026,505,24,1
27/01/2026,566,24,1
27/01/2026,777,19,1
27/01/2026,801,19,1
27/01/2026,870,24,2
27/01/2026,989,24,1
27/01/2026,1200,24,1
27/01/2026,1214,24,1
27/01/2026,1482,24,2
26/01/2026,197,18,1
26/01/2026,573,9,1
26/01/2026,717,13,1
26/01/2026,1004,9,1
26/01/2026,1279,13,1
26/01/2026,1339,13,1
26/01/2026,1390,13,2
26/01/2026,1401,13,1
26/01/2026,1498,13,1
25/01/2026,463,11,1
25/01/2026,541,18,1
25/01/2026,600,18,2
25/01/2026,817,11,1
25/01/2026,1383,11,2
24/01/2026,47,15,2
24/01/2026,193,15,1
24/01/2026,267,21,1
24/01/2026,339,3,1
24/01/2026,395,3,2
24/01/2026,654,3,1
24/01/2026,700,21,1
24/01/2026,714,3,2
24/01/2026,816,21,1
24/01/2026,949,3,1
24/01/2026,963,3,1
24/01/2026,1033,21,1
24/01/2026,1039,3,2
24/01/2026,1104,3,1
24/01/2026,1165,15,1
24/01/2026,1187,15,2
24/01/2026,1215,3,1
24/01/2026,1317,3,1
23/01/2026,47,10,1
23/01/2026,348,10,1
23/01/2026,703,10,1
23/01/2026,709,10,1
23/01/2026,1132,10,2
22/01/2026,268,17,1
22/01/2026,387,21,1
22/01/2026,479,21,1
22/01/2026,578,21,2
22/01/2026,823,4,1
22/01/2026,1050,21,1
22/01/2026,1182,4,1
22/01/2026,1340,21,1
22/01/2026,1380,17,1
22/01/2026,1394,21,1
21/01/2026,723,16,2
21/01/2026,766,20,1
21/01/2026,900,16,1
21/01/2026,1377,20,1
21/01/2026,1479,21,1
20/01/2026,62,7,1
20/01/2026,174,15,1
20/01/2026,341,15,1
20/01/2026,540,7,1
20/01/2026,678,15,2
20/01/2026,724,15,1
20/01/2026,855,7,1
20/01/2026,898,15,1
20/01/2026,1083,15,2
20/01/2026,1219,15,1
19/01/2026,144,11,2
19/01/2026,469,12,1
19/01/2026,545,12,2
19/01/2026,749,7,1
19/01/2026,954,12,1
19/01/2026,1192,7,1
19/01/2026,1261,7,1
19/01/2026,1367,12,1
19/01/2026,1406,7,2
19/01/2026,1501,11,1
18/01/2026,34,24,1
18/01/2026,220,8,1
18/01/2026,264,8,1
18/01/2026,278,24,1
18/01/2026,422,15,1
18/01/2026,511,24,1
18/01/2026,559,24,1
18/01/2026,679,8,1
18/01/2026,710,24,1
18/01/2026,808,8,1
18/01/2026,1131,8,1
18/01/2026,1375,8,1
18/01/2026,1422,8,2
17/01/2026,4,12,2
17/01/2026,22,12,1
17/01/2026,82,12,1
17/01/2026,129,1,1
17/01/2026,151,11,1
17/01/2026,262,11,1
17/01/2026,291,11,1
17/01/2026,342,11,1
17/01/2026,416,12,1
17/01/2026,461,11,1
17/01/2026,497,3,1
17/01/2026,512,3,1
17/01/2026,682,6,1
17/01/2026,728,12,1
17/01/2026,769,6,1
17/01/2026,822,6,2
17/01/2026,842,1,1
17/01/2026,893,6,1
17/01/2026,963,12,1
17/01/2026,965,23,1
17/01/2026,988,3,2
17/01/2026,993,4,1
17/01/2026,1009,4,2
17/01/2026,1014,24,1
17/01/2026,1176,1,1
17/01/2026,1242,1,1
17/01/2026,1249,12,1
17/01/2026,1250,4,1
17/01/2026,1397,1,1
17/01/2026,1441,12,1
17/01/2026,1483,23,1
17/01/2026,1484,12,1
17/01/2026,1490,23,1
17/01/2026,1526,1,1
17/01/2026,1558,24,1
16/01/2026,105,6,1
16/01/2026,211,15,1
16/01/2026,462,16,2
16/01/2026,560,4,1
16/01/2026,630,6,1
16/01/2026,746,6,1
16/01/2026,856,16,1
16/01/2026,931,15,1
16/01/2026,1073,6,1
16/01/2026,1334,16,1
16/01/2026,1367,15,1
16/01/2026,1482,15,1
15/01/2026,156,21,1
15/01/2026,293,23,1
15/01/2026,320,11,1
15/01/2026,379,21,1
15/01/2026,422,21,2
15/01/2026,470,21,2
15/01/2026,540,21,1
15/01/2026,843,21,1
15/01/2026,887,21,1
15/01/2026,1045,21,1
15/01/2026,1202,11,1
15/01/2026,1285,23,1
15/01/2026,1308,21,2
15/01/2026,1321,11,2
15/01/2026,1383,21,1
15/01/2026,1432,11,1
15/01/2026,1551,21,2
14/01/2026,148,23,1
14/01/2026,486,23,1
14/01/2026,624,23,1
14/01/2026,649,6,1
14/01/2026,1000,6,1
14/01/2026,1104,6,1
14/01/2026,1146,23,1
13/01/2026,48,1,1
13/01/2026,95,8,1
13/01/2026,404,23,1
13/01/2026,549,1,1
13/01/2026,562,8,1
13/01/2026,571,1,1
13/01/2026,631,20,1
13/01/2026,750,8,2
13/01/2026,794,8,2
13/01/2026,806,8,1
13/01/2026,867,1,1
13/01/2026,914,1,1
13/01/2026,1139,1,1
13/01/2026,1156,8,2
13/01/2026,1230,20,1
13/01/2026,1246,20,2
13/01/2026,1475,8,1
12/01/2026,116,4,1
12/01/2026,262,4,1
12/01/2026,373,13,1
12/01/2026,578,13,1
12/01/2026,665,4,1
12/01/2026,934,4,1
12/01/2026,936,13,1
12/01/2026,1206,13,1
12/01/2026,1243,4,1
11/01/2026,28,24,1
11/01/2026,435,8,1
11/01/2026,493,8,2
11/01/2026,623,8,1
11/01/2026,675,13,1
11/01/2026,691,24,1
11/01/2026,696,13,1
11/01/2026,756,13,1
11/01/2026,844,8,1
11/01/2026,975,24,1
11/01/2026,1103,24,1
11/01/2026,1140,13,2
11/01/2026,1182,8,1
11/01/2026,1380,13,1
11/01/2026,1432,13,1
10/01/2026,98,4,1
10/01/2026,587,4,2
10/01/2026,864,7,1
10/01/2026,900,4,1
10/01/2026,1169,4,1
10/01/2026,1243,7,1
09/01/2026,45,20,1
09/01/2026,962,21,1
09/01/2026,993,21,1
09/01/2026,1106,21,1
09/01/2026,1235,21,1
09/01/2026,1436,21,2
08/01/2026,829,9,1
08/01/2026,966,19,1
07/01/2026,340,15,1
07/01/2026,547,15,2
07/01/2026,779,15,2
06/01/2026,52,20,1
06/01/2026,73,21,1
06/01/2026,181,21,2
06/01/2026,354,21,1
06/01/2026,1234,21,1
06/01/2026,1313,21,1
06/01/2026,1436,21,2
06/01/2026,1489,21,1
05/01/2026,4,18,1
05/01/2026,74,13,2
05/01/2026,81,13,1
05/01/2026,314,13,1
05/01/2026,686,13,1
05/01/2026,835,13,1
05/01/2026,887,18,1
05/01/2026,941,13,1
05/01/2026,1496,13,1
02/01/2026,22,11,1
02/01/2026,103,12,1
02/01/2026,250,12,1
02/01/2026,369,12,1
02/01/2026,659,17,1
02/01/2026,735,12,1
02/01/2026,791,12,1
02/01/2026,944,17,1
02/01/2026,999,12,2
02/01/2026,1033,17,1
02/01/2026,1103,12,2
02/01/2026,1118,12,1
02/01/2026,1383,11,1
02/01/2026,1384,11,2
02/01/2026,1403,11,1
01/01/2026,249,10,1
01/01/2026,455,10,1
01/01/2026,1056,10,2
01/01/2026,1091,10,1
01/01/2026,1181,10,1
01/01/2026,1456,10,1
29/12/2025,214,6,1
29/12/2025,245,7,1
29/12/2025,309,6,1
29/12/2025,386,7,1
29/12/2025,935,6,1
29/12/2025,946,6,1
29/12/2025,972,6,1
28/12/2025,98,3,1
28/12/2025,225,13,1
28/12/2025,312,13,1
28/12/2025,658,3,1
28/12/2025,660,13,1
28/12/2025,809,3,2
28/12/2025,833,3,1
28/12/2025,1225,3,1
28/12/2025,1248,13,1
28/12/2025,1375,3,1
28/12/2025,1456,13,1
28/12/2025,1519,3,1
27/12/2025,66,24,1
27/12/2025,91,24,1
27/12/2025,148,3,1
27/12/2025,360,24,1
27/12/2025,361,24,1
27/12/2025,389,24,2
27/12/2025,526,3,2
27/12/2025,964,24,1
27/12/2025,1020,3,1
27/12/2025,1043,24,2
27/12/2025,1255,23,1
26/12/2025,144,16,1
26/12/2025,1500,16,2
25/12/2025,44,16,1
25/12/2025,681,16,1
25/12/2025,800,17,1
25/12/2025,911,17,2
25/12/2025,948,17,1
25/12/2025,1229,16,1
25/12/2025,1361,17,2
24/12/2025,21,17,2
24/12/2025,311,17,1
24/12/2025,397,17,1
24/12/2025,688,17,1
24/12/2025,776,17,2
24/12/2025,979,17,1
24/12/2025,1012,17,1
24/12/2025,1094,17,1
24/12/2025,1366,17,1
23/12/2025,37,15,1
23/12/2025,611,15,1
23/12/2025,1146,15,1
22/12/2025,16,11,1
22/12/2025,58,13,1
22/12/2025,124,11,1
22/12/2025,127,11,1
22/12/2025,213,17,1
22/12/2025,238,13,1
22/12/2025,340,11,1
22/12/2025,362,11,1
22/12/2025,433,13,1
22/12/2025,522,17,2
22/12/2025,606,11,1
22/12/2025,773,17,1
22/12/2025,904,13,1
22/12/2025,914,17,1
22/12/2025,1083,11,1
22/12/2025,1144,11,2
22/12/2025,1417,13,1
21/12/2025,282,16,1
21/12/2025,610,17,1
21/12/2025,882,3,1
21/12/2025,911,3,1
21/12/2025,1001,17,2
21/12/2025,1169,16,1
21/12/2025,1312,3,1
21/12/2025,1321,16,1
21/12/2025,1410,16,1
21/12/2025,1464,16,1
21/12/2025,1469,3,1
21/12/2025,1473,17,1
21/12/2025,1486,3,1
20/12/2025,29,11,2
20/12/2025,48,11,1
20/12/2025,218,6,1
20/12/2025,281,6,1
20/12/2025,338,11,1
20/12/2025,372,11,1
20/12/2025,472,6,1
20/12/2025,616,6,2
20/12/2025,665,6,1
20/12/2025,735,11,1
20/12/2025,1039,11,1
20/12/2025,1040,6,1
20/12/2025,1174,6,1
20/12/2025,1243,11,2
20/12/2025,1265,24,1
20/12/2025,1279,24,1
20/12/2025,1402,6,2
20/12/2025,1403,11,1
20/12/2025,1455,11,1
19/12/2025,97,7,1
19/12/2025,432,7,1
19/12/2025,696,7,1
19/12/2025,782,7,2
19/12/2025,840,7,1
19/12/2025,915,7,1
18/12/2025,35,13,1
18/12/2025,118,13,1
18/12/2025,134,13,1
18/12/2025,280,13,2
18/12/2025,367,24,1
18/12/2025,407,24,1
18/12/2025,497,13,2
18/12/2025,502,13,1
18/12/2025,520,13,2
18/12/2025,558,13,2
18/12/2025,922,24,1
18/12/2025,1123,13,1
18/12/2025,1131,13,1
18/12/2025,1355,24,1
18/12/2025,1456,13,1
17/12/2025,536,23,1
17/12/2025,580,23,1
16/12/2025,29,6,1
16/12/2025,289,11,2
16/12/2025,409,11,1
16/12/2025,431,11,1
16/12/2025,451,6,1
16/12/2025,592,6,1
16/12/2025,880,6,1
16/12/2025,914,6,1
16/12/2025,960,11,1
16/12/2025,1064,11,1
16/12/2025,1180,6,1
14/12/2025,100,13,1
14/12/2025,378,13,1
14/12/2025,453,23,2
14/12/2025,608,23,2
14/12/2025,1024,23,1
14/12/2025,1141,13,1
14/12/2025,1328,13,1
14/12/2025,1514,23,2
13/12/2025,517,6,1
13/12/2025,545,6,1
13/12/2025,938,6,1
13/12/2025,1200,6,1
10/12/2025,561,3,1
10/12/2025,1392,3,1
09/12/2025,177,3,1
09/12/2025,886,3,1
09/12/2025,910,23,1
09/12/2025,992,3,1
08/12/2025,82,3,2
08/12/2025,299,6,1
08/12/2025,400,15,1
08/12/2025,1175,6,1
08/12/2025,1261,6,1
08/12/2025,1376,15,1
07/12/2025,254,23,1
06/12/2025,96,7,1
06/12/2025,438,6,1
06/12/2025,544,6,1
06/12/2025,796,7,1
06/12/2025,1371,7,1
06/12/2025,1554,6,1
04/12/2025,20,23,1
04/12/2025,104,23,1
04/12/2025,116,15,1
04/12/2025,138,15,1
04/12/2025,219,15,2
04/12/2025,564,13,1
04/12/2025,618,15,1
04/12/2025,943,13,1
04/12/2025,1171,15,1
04/12/2025,1362,13,1
04/12/2025,1450,23,1
03/12/2025,515,3,2
03/12/2025,722,3,1
03/12/2025,1514,3,1
03/12/2025,1533,3,1
02/12/2025,11,6,1
02/12/2025,231,17,2
02/12/2025,269,6,1
02/12/2025,499,7,1
02/12/2025,548,6,1
02/12/2025,551,6,1
02/12/2025,575,11,1
02/12/2025,661,7,2
02/12/2025,913,17,2
02/12/2025,978,7,1
02/12/2025,983,7,1
02/12/2025,1430,11,1
02/12/2025,1475,11,1
02/12/2025,1549,6,1
01/12/2025,361,7,1
01/12/2025,726,7,1
30/11/2025,546,13,1
30/11/2025,562,13,2
30/11/2025,953,13,1
30/11/2025,1270,13,2
30/11/2025,1397,13,1
30/11/2025,1549,13,1
28/11/2025,64,11,1
28/11/2025,74,3,1
28/11/2025,127,17,1
28/11/2025,533,11,1
28/11/2025,591,3,1
28/11/2025,840,3,1
28/11/2025,917,17,1
28/11/2025,1093,17,1
28/11/2025,1158,11,1
28/11/2025,1166,11,1
28/11/2025,1348,3,2
28/11/2025,1417,3,1
28/11/2025,1447,17,1
27/11/2025,194,15,1
27/11/2025,337,15,1
27/11/2025,354,11,1
27/11/2025,543,11,1
27/11/2025,1275,15,1
27/11/2025,1497,11,1
27/11/2025,1500,15,1
26/11/2025,7,6,1
26/11/2025,32,11,1
26/11/2025,107,11,1
26/11/2025,296,6,1
26/11/2025,465,6,1
26/11/2025,709,6,1
26/11/2025,948,11,1
26/11/2025,995,6,1
26/11/2025,1454,11,1
25/11/2025,101,24,1
25/11/2025,228,16,1
25/11/2025,321,16,1
25/11/2025,334,13,1
25/11/2025,552,24,1
25/11/2025,560,16,1
25/11/2025,897,13,1
25/11/2025,970,24,1
25/11/2025,1080,24,2
25/11/2025,1252,13,1
25/11/2025,1313,24,1
25/11/2025,1332,13,1
25/11/2025,1343,13,1
25/11/2025,1483,13,1
25/11/2025,1500,13,1
24/11/2025,124,16,1
24/11/2025,582,16,1
24/11/2025,1072,16,1
22/11/2025,22,17,1
22/11/2025,337,16,1
22/11/2025,353,16,1
22/11/2025,357,17,1
22/11/2025,485,16,2
22/11/2025,514,16,1
22/11/2025,615,16,1
22/11/2025,860,16,1
22/11/2025,1073,17,2
22/11/2025,1087,17,1
22/11/2025,1210,17,1
22/11/2025,1401,16,1
21/11/2025,36,6,1
21/11/2025,172,17,1
21/11/2025,328,16,1
21/11/2025,394,6,2
21/11/2025,470,16,1
21/11/2025,553,6,2
21/11/2025,688,16,1
21/11/2025,713,6,1
21/11/2025,743,16,1
21/11/2025,778,23,1
21/11/2025,913,16,1
21/11/2025,944,16,1
21/11/2025,1177,17,2
21/11/2025,1233,6,2
21/11/2025,1320,16,1
21/11/2025,1362,16,1
21/11/2025,1386,16,1
21/11/2025,1386,17,1
21/11/2025,1402,16,1
21/11/2025,1454,23,2
19/11/2025,1156,23,1
18/11/2025,350,6,1
18/11/2025,577,13,2
18/11/2025,649,13,1
18/11/2025,836,13,1
18/11/2025,1167,13,1
18/11/2025,1207,13,1
18/11/2025,1268,13,2
18/11/2025,1401,6,2
17/11/2025,16,15,2
17/11/2025,536,15,1
17/11/2025,710,15,1
17/11/2025,774,15,1
17/11/2025,937,15,1
17/11/2025,1278,15,2
17/11/2025,1456,15,1
16/11/2025,128,13,1
16/11/2025,695,11,1
16/11/2025,1004,13,1
16/11/2025,1193,11,1
16/11/2025,1482,11,1
16/11/2025,1495,23,1
16/11/2025,1555,13,1
15/11/2025,90,24,1
15/11/2025,202,16,1
15/11/2025,261,3,1
15/11/2025,351,3,1
15/11/2025,544,3,1
15/11/2025,694,3,1
15/11/2025,800,11,2
15/11/2025,880,3,1
15/11/2025,1089,16,1
15/11/2025,1196,16,2
15/11/2025,1339,11,1
15/11/2025,1360,16,2
15/11/2025,1464,16,1
14/11/2025,284,24,2
14/11/2025,398,24,1
14/11/2025,404,24,1
14/11/2025,848,24,1
14/11/2025,1537,24,1
13/11/2025,237,7,2
13/11/2025,297,15,1
13/11/2025,442,15,1
13/11/2025,521,7,1
13/11/2025,738,15,1
13/11/2025,1089,7,1
13/11/2025,1113,7,1
13/11/2025,1187,15,1
13/11/2025,1264,15,1
13/11/2025,1342,7,1
13/11/2025,1460,15,1
12/11/2025,81,13,1
12/11/2025,202,13,1
12/11/2025,266,3,1
12/11/2025,306,13,1
12/11/2025,319,11,1
12/11/2025,421,24,1
12/11/2025,477,11,1
12/11/2025,656,13,1
12/11/2025,773,24,1
12/11/2025,792,11,1
12/11/2025,798,13,1
12/11/2025,939,3,1
12/11/2025,1041,24,2
12/11/2025,1045,13,1
12/11/2025,1116,3,1
12/11/2025,1390,13,2
11/11/2025,120,3,1
11/11/2025,177,3,1
11/11/2025,409,3,1
11/11/2025,435,3,1
11/11/2025,558,3,1
11/11/2025,643,3,1
11/11/2025,1121,3,1
11/11/2025,1290,3,1
11/11/2025,1357,3,1
09/11/2025,618,13,1
09/11/2025,845,13,1
09/11/2025,879,23,2
09/11/2025,1461,23,1
08/11/2025,427,15,1
08/11/2025,777,23,1
08/11/2025,854,15,2
08/11/2025,1116,15,1
08/11/2025,1180,15,1
08/11/2025,1249,23,2
08/11/2025,1432,23,1
07/11/2025,126,11,2
07/11/2025,368,11,1
07/11/2025,368,6,1
07/11/2025,371,6,1
07/11/2025,452,11,1
07/11/2025,707,24,1
07/11/2025,1039,11,1
07/11/2025,1097,6,1
07/11/2025,1289,24,1
07/11/2025,1420,24,2
07/11/2025,1439,11,1
06/11/2025,64,3,2
06/11/2025,299,11,1
06/11/2025,335,11,1
06/11/2025,390,3,1
06/11/2025,548,11,1
06/11/2025,723,11,2
06/11/2025,803,11,1
06/11/2025,808,3,1
06/11/2025,928,11,1
06/11/2025,1012,3,1
06/11/2025,1357,11,1
06/11/2025,1425,3,1
06/11/2025,1465,3,1
05/11/2025,340,11,1
05/11/2025,1447,11,1
05/11/2025,1452,11,1
03/11/2025,522,15,2
03/11/2025,555,15,2
03/11/2025,871,15,1
03/11/2025,990,15,1
03/11/2025,1274,15,1
03/11/2025,1497,15,1
02/11/2025,28,23,1
02/11/2025,91,11,2
02/11/2025,555,23,1
02/11/2025,625,11,1
02/11/2025,668,11,1
02/11/2025,1528,23,1
01/11/2025,75,13,1
01/11/2025,107,13,1
01/11/2025,188,13,2
01/11/2025,189,13,1
01/11/2025,229,13,2
01/11/2025,391,13,1
01/11/2025,412,24,2
01/11/2025,475,13,1
01/11/2025,484,6,1
01/11/2025,569,13,1
01/11/2025,590,13,1
01/11/2025,594,17,2
01/11/2025,669,17,2
01/11/2025,804,13,1
01/11/2025,915,24,1
01/11/2025,950,6,1
01/11/2025,959,13,1
01/11/2025,992,13,1
01/11/2025,1046,13,1
01/11/2025,1049,13,1
01/11/2025,1063,13,1
01/11/2025,1226,13,1
01/11/2025,1319,13,1
01/11/2025,1327,24,1
01/11/2025,1393,13,1
01/11/2025,1404,13,1
01/11/2025,1445,13,1
27/10/2025,554,3,1
27/10/2025,820,15,1
27/10/2025,1014,3,1
27/10/2025,1253,6,2
27/10/2025,1487,3,2
26/10/2025,54,17,1
26/10/2025,739,17,1
24/10/2025,11,6,1
24/10/2025,123,6,2
24/10/2025,369,6,1
24/10/2025,437,6,1
24/10/2025,457,6,2
24/10/2025,908,6,1
24/10/2025,1512,6,1
23/10/2025,66,23,2
23/10/2025,224,23,1
23/10/2025,300,16,1
23/10/2025,755,16,1
23/10/2025,1009,23,1
23/10/2025,1223,23,1
22/10/2025,59,7,1
22/10/2025,62,24,1
22/10/2025,234,7,1
22/10/2025,311,7,1
22/10/2025,325,7,1
22/10/2025,364,7,2
22/10/2025,387,3,1
22/10/2025,469,24,1
22/10/2025,476,24,1
22/10/2025,613,15,1
22/10/2025,631,15,1
22/10/2025,644,15,2
22/10/2025,687,3,1
22/10/2025,782,16,2
22/10/2025,797,3,1
22/10/2025,904,24,2
22/10/2025,918,7,1
22/10/2025,929,7,2
22/10/2025,1004,15,1
21/10/2025,180,13,1
21/10/2025,562,17,1
21/10/2025,617,17,1
21/10/2025,887,17,1
21/10/2025,908,17,1
21/10/2025,1019,17,1
21/10/2025,1099,13,1
21/10/2025,1117,13,1
21/10/2025,1410,13,1
20/10/2025,96,7,1
20/10/2025,242,7,1
20/10/2025,245,7,1
20/10/2025,408,7,1
20/10/2025,559,7,1
20/10/2025,787,7,1
20/10/2025,1148,7,1
19/10/2025,163,7,1
19/10/2025,416,7,2
19/10/2025,444,24,1
19/10/2025,503,6,1
19/10/2025,549,7,1
19/10/2025,581,24,1
19/10/2025,621,24,1
19/10/2025,836,6,2
19/10/2025,859,7,1
19/10/2025,957,24,2
19/10/2025,1021,24,1
19/10/2025,1144,24,1
19/10/2025,1149,7,2
19/10/2025,1204,7,1
19/10/2025,1403,24,1
19/10/2025,1424,24,1
19/10/2025,1439,24,1
19/10/2025,1461,7,2
18/10/2025,938,11,1
18/10/2025,985,11,2
17/10/2025,236,16,1
16/10/2025,115,11,1
16/10/2025,255,15,1
16/10/2025,330,13,1
16/10/2025,477,13,1
16/10/2025,610,11,2
16/10/2025,675,15,1
16/10/2025,785,3,1
16/10/2025,809,11,2
16/10/2025,938,23,1
16/10/2025,1012,11,1
16/10/2025,1068,11,1
16/10/2025,1142,13,1
16/10/2025,1412,13,1
15/10/2025,36,15,1
15/10/2025,351,13,1
15/10/2025,396,15,1
15/10/2025,404,11,1
15/10/2025,490,11,2
15/10/2025,536,11,2
15/10/2025,777,13,1
15/10/2025,802,11,2
15/10/2025,919,15,2
15/10/2025,952,16,1
15/10/2025,954,16,1
15/10/2025,1154,15,1
15/10/2025,1237,15,2
15/10/2025,1418,11,1
15/10/2025,1484,13,1
15/10/2025,1490,6,1
15/10/2025,1539,6,1
14/10/2025,3,17,2
14/10/2025,8,17,1
14/10/2025,490,17,1
14/10/2025,552,17,1
14/10/2025,572,17,1
14/10/2025,613,16,2
14/10/2025,636,17,1
14/10/2025,678,16,1
14/10/2025,776,17,1
14/10/2025,1098,16,1
14/10/2025,1129,17,1
14/10/2025,1140,17,1
14/10/2025,1292,17,1
14/10/2025,1398,17,1
14/10/2025,1514,17,1
13/10/2025,258,11,2
13/10/2025,455,11,1
13/10/2025,844,11,1
13/10/2025,1353,11,1
13/10/2025,1377,11,1
13/10/2025,1515,11,2
13/10/2025,1523,11,1
12/10/2025,214,7,1
12/10/2025,769,7,1
12/10/2025,1179,7,2
11/10/2025,165,17,1
11/10/2025,165,6,1
11/10/2025,403,6,1
11/10/2025,451,6,1
11/10/2025,583,17,1
11/10/2025,626,17,1
11/10/2025,672,17,1
11/10/2025,693,17,1
11/10/2025,809,17,1
11/10/2025,1113,17,1
11/10/2025,1423,6,1
11/10/2025,1464,6,1
11/10/2025,1556,6,2
10/10/2025,322,17,2
10/10/2025,332,17,1
10/10/2025,405,11,2
10/10/2025,566,17,1
10/10/2025,581,17,1
10/10/2025,632,17,2
10/10/2025,709,17,1
10/10/2025,727,11,1
10/10/2025,735,11,2
10/10/2025,845,17,1
10/10/2025,882,17,1
10/10/2025,959,17,1
10/10/2025,1226,17,1
10/10/2025,1337,17,1
10/10/2025,1377,11,1
10/10/2025,1406,11,2
10/10/2025,1497,11,1
10/10/2025,1503,17,1
09/10/2025,176,13,2
09/10/2025,335,13,1
09/10/2025,653,11,1
09/10/2025,754,13,1
09/10/2025,863,11,1
09/10/2025,944,13,1
09/10/2025,953,11,1
09/10/2025,988,13,1
09/10/2025,1064,11,1
09/10/2025,1224,13,1
09/10/2025,1392,13,1
07/10/2025,2,7,1
07/10/2025,166,7,1
07/10/2025,366,7,1
07/10/2025,384,7,1
07/10/2025,442,23,1
07/10/2025,962,23,1
07/10/2025,1309,7,1
07/10/2025,1458,7,1
06/10/2025,116,15,1
06/10/2025,829,15,1
06/10/2025,1421,15,1
04/10/2025,883,11,1
04/10/2025,1541,11,1
03/10/2025,281,24,1
03/10/2025,360,24,1
03/10/2025,428,24,2
03/10/2025,564,24,1
03/10/2025,581,16,1
03/10/2025,814,16,1
03/10/2025,1044,24,1
03/10/2025,1222,24,1
03/10/2025,1305,16,1
03/10/2025,1318,6,1
03/10/2025,1347,24,1
02/10/2025,249,17,1
02/10/2025,972,17,1
02/10/2025,1090,17,1
02/10/2025,1502,17,1
01/10/2025,12,24,2
01/10/2025,238,24,1
01/10/2025,358,24,1
01/10/2025,964,24,1
29/09/2025,370,16,1
29/09/2025,666,16,1
29/09/2025,1446,16,2
27/09/2025,261,16,1
27/09/2025,267,15,1
27/09/2025,453,16,1
27/09/2025,552,15,1
27/09/2025,664,15,1
27/09/2025,714,11,1
27/09/2025,779,16,1
27/09/2025,907,16,1
27/09/2025,947,15,1
27/09/2025,995,15,2
27/09/2025,1241,15,1
27/09/2025,1454,15,1
23/09/2025,45,24,1
23/09/2025,164,17,2
23/09/2025,289,17,1
23/09/2025,343,16,1
23/09/2025,450,17,1
23/09/2025,463,17,1
23/09/2025,471,3,1
23/09/2025,502,17,1
23/09/2025,753,3,1
23/09/2025,789,17,1
23/09/2025,859,16,1
23/09/2025,874,24,1
23/09/2025,926,17,1
23/09/2025,1206,17,1
23/09/2025,1302,17,1
23/09/2025,1418,17,1
23/09/2025,1450,17,1
23/09/2025,1525,16,1
22/09/2025,17,17,1
22/09/2025,466,17,1
22/09/2025,668,17,1
22/09/2025,755,17,1
22/09/2025,1407,17,2
21/09/2025,42,17,1
21/09/2025,45,17,1
21/09/2025,457,17,1
21/09/2025,486,17,1
21/09/2025,623,17,1
21/09/2025,985,17,1
21/09/2025,1098,17,1
21/09/2025,1178,17,1
21/09/2025,1211,17,1
21/09/2025,1365,17,1
21/09/2025,1413,17,1
20/09/2025,123,17,1
20/09/2025,325,16,1
20/09/2025,325,3,1
20/09/2025,336,3,1
20/09/2025,675,17,2
20/09/2025,772,16,1
20/09/2025,832,3,2
20/09/2025,893,16,2
20/09/2025,954,23,1
20/09/2025,1011,16,1
20/09/2025,1043,23,1
20/09/2025,1174,16,1
20/09/2025,1208,3,1
20/09/2025,1211,17,1
20/09/2025,1321,16,1
20/09/2025,1425,3,1
19/09/2025,1264,7,1
18/09/2025,4,15,1
18/09/2025,28,13,2
18/09/2025,159,13,1
18/09/2025,374,13,2
18/09/2025,570,15,1
18/09/2025,577,15,1
18/09/2025,598,15,1
18/09/2025,821,6,1
18/09/2025,1068,13,1
18/09/2025,1118,15,1
18/09/2025,1214,13,1
18/09/2025,1452,13,1
18/09/2025,1546,13,1
17/09/2025,10,13,1
17/09/2025,428,6,1
17/09/2025,854,13,2
17/09/2025,924,6,1
17/09/2025,1213,13,1
17/09/2025,1218,6,1
17/09/2025,1477,6,1
16/09/2025,790,23,1
15/09/2025,26,24,2
15/09/2025,1204,24,1
15/09/2025,1511,24,1
14/09/2025,258,17,1
14/09/2025,259,17,1
14/09/2025,407,17,1
14/09/2025,464,3,1
14/09/2025,630,3,1
14/09/2025,862,17,1
14/09/2025,1471,3,1
13/09/2025,898,24,1
13/09/2025,919,24,1
13/09/2025,1488,24,1
12/09/2025,460,3,1
12/09/2025,521,3,2
12/09/2025,862,3,2
12/09/2025,1388,3,1
11/09/2025,660,24,1
11/09/2025,1139,23,2
11/09/2025,1428,24,1
10/09/2025,127,7,1
10/09/2025,357,7,1
10/09/2025,678,7,1
10/09/2025,906,7,2
10/09/2025,1354,7,2
09/09/2025,87,7,1
09/09/2025,432,7,1
09/09/2025,1039,7,1
07/09/2025,59,3,2
07/09/2025,512,3,1
07/09/2025,929,3,1
07/09/2025,1025,3,1
05/09/2025,122,11,1
05/09/2025,145,13,1
05/09/2025,165,13,1
05/09/2025,304,13,1
05/09/2025,340,13,1
05/09/2025,407,13,1
05/09/2025,590,17,1
05/09/2025,629,13,1
05/09/2025,629,17,2
05/09/2025,702,13,1
05/09/2025,735,13,2
05/09/2025,739,17,1
05/09/2025,763,13,1
05/09/2025,831,13,1
05/09/2025,832,17,1
05/09/2025,852,7,1
05/09/2025,868,7,1
05/09/2025,1014,11,2
05/09/2025,1084,13,1
05/09/2025,1120,13,1
05/09/2025,1177,13,1
05/09/2025,1228,17,1
05/09/2025,1258,13,2
05/09/2025,1273,13,1
05/09/2025,1320,13,2
05/09/2025,1353,11,2
05/09/2025,1442,7,1
05/09/2025,1480,11,1
05/09/2025,1505,13,1
05/09/2025,1531,13,1
04/09/2025,372,15,1
04/09/2025,1288,15,1
01/09/2025,132,23,1
01/09/2025,254,3,1
01/09/2025,290,3,1
01/09/2025,568,23,1
01/09/2025,1081,3,2
01/09/2025,1164,3,1
01/09/2025,1230,3,1
01/09/2025,1371,23,1
30/08/2025,1050,7,1
30/08/2025,1389,7,1
29/08/2025,1251,3,1
29/08/2025,1417,3,2
29/08/2025,1519,3,1
28/08/2025,29,15,2
28/08/2025,258,15,1
28/08/2025,850,15,1
28/08/2025,1158,15,2
28/08/2025,1522,6,1
27/08/2025,469,13,1
26/08/2025,22,17,1
26/08/2025,49,23,1
26/08/2025,57,23,1
26/08/2025,79,23,1
26/08/2025,399,17,2
26/08/2025,641,17,1
26/08/2025,645,6,1
26/08/2025,734,23,1
26/08/2025,798,6,1
26/08/2025,860,17,1
26/08/2025,1301,17,1
26/08/2025,1376,17,2
25/08/2025,182,24,1
25/08/2025,231,24,1
25/08/2025,648,24,2
25/08/2025,715,24,1
25/08/2025,1036,24,1
25/08/2025,1463,24,1
25/08/2025,1475,24,1
24/08/2025,50,16,1
24/08/2025,413,16,1
24/08/2025,1256,16,1
24/08/2025,1429,16,1
23/08/2025,119,24,1
23/08/2025,287,11,2
23/08/2025,427,24,2
23/08/2025,549,24,1
23/08/2025,575,24,2
23/08/2025,794,24,2
23/08/2025,915,24,1
23/08/2025,1266,11,2
23/08/2025,1272,11,1
23/08/2025,1407,11,1
23/08/2025,1461,24,2
22/08/2025,76,17,1
22/08/2025,376,17,2
22/08/2025,611,17,1
22/08/2025,872,11,1
22/08/2025,975,17,2
22/08/2025,1005,11,1
22/08/2025,1231,17,1
22/08/2025,1357,17,1
22/08/2025,1479,17,1
21/08/2025,475,24,1
21/08/2025,516,24,1
21/08/2025,680,24,2
21/08/2025,836,24,1
21/08/2025,1287,24,2
21/08/2025,1298,24,2
19/08/2025,322,3,1
19/08/2025,1096,3,1
19/08/2025,1123,3,1
19/08/2025,1155,3,2
19/08/2025,1178,3,1
18/08/2025,163,15,1
18/08/2025,313,15,2
18/08/2025,382,3,1
17/08/2025,130,6,1
17/08/2025,868,15,1
17/08/2025,953,6,2
16/08/2025,113,16,1
16/08/2025,905,16,1
16/08/2025,961,16,1
16/08/2025,1073,24,1
15/08/2025,58,17,1
15/08/2025,123,7,1
15/08/2025,294,17,2
15/08/2025,357,17,1
15/08/2025,437,17,1
15/08/2025,514,17,1
15/08/2025,610,7,1
15/08/2025,684,7,1
15/08/2025,823,17,2
15/08/2025,958,7,1
15/08/2025,1022,17,1
15/08/2025,1096,17,1
15/08/2025,1285,17,1
15/08/2025,1379,7,1
15/08/2025,1431,7,1
14/08/2025,558,11,1
14/08/2025,579,17,1
14/08/2025,1230,17,1
14/08/2025,1374,11,2
13/08/2025,199,3,1
13/08/2025,279,3,2
13/08/2025,284,3,1
13/08/2025,342,16,1
13/08/2025,526,16,1
13/08/2025,572,3,1
13/08/2025,770,11,1
13/08/2025,1339,3,1
13/08/2025,1429,3,1
12/08/2025,536,16,1
12/08/2025,1510,16,1
11/08/2025,249,7,1
11/08/2025,380,24,1
11/08/2025,825,7,1
11/08/2025,1018,24,1
11/08/2025,1064,7,1
11/08/2025,1142,24,1
11/08/2025,1171,7,1
11/08/2025,1337,24,2
10/08/2025,629,23,1
10/08/2025,911,23,1
09/08/2025,69,6,1
09/08/2025,125,15,1
09/08/2025,240,15,1
09/08/2025,298,6,1
09/08/2025,334,15,1
09/08/2025,574,6,1
09/08/2025,595,11,1
09/08/2025,616,6,1
09/08/2025,770,6,1
09/08/2025,832,11,1
09/08/2025,861,6,1
09/08/2025,1019,7,1
09/08/2025,1106,7,2
09/08/2025,1202,7,1
09/08/2025,1346,7,2
09/08/2025,1389,11,1
09/08/2025,1451,6,1
09/08/2025,1494,15,1
09/08/2025,1540,11,1
08/08/2025,715,13,1
08/08/2025,865,13,1
08/08/2025,1178,13,1
05/08/2025,420,15,1
05/08/2025,471,11,1
05/08/2025,527,15,1
05/08/2025,692,15,2
05/08/2025,1178,15,1
05/08/2025,1261,11,1
05/08/2025,1388,15,1
04/08/2025,265,13,1
04/08/2025,1253,13,1
03/08/2025,379,16,1
03/08/2025,784,16,1
03/08/2025,888,16,1
03/08/2025,909,16,1
02/08/2025,175,13,1
02/08/2025,479,13,1
29/07/2025,143,3,1
29/07/2025,343,3,1
29/07/2025,448,11,1
29/07/2025,669,3,1
29/07/2025,790,11,1
29/07/2025,950,11,2
29/07/2025,998,3,1
28/07/2025,61,13,1
28/07/2025,203,3,2
28/07/2025,291,3,1
28/07/2025,504,3,1
28/07/2025,535,3,2
28/07/2025,632,6,2
28/07/2025,782,6,2
28/07/2025,1044,6,1
28/07/2025,1446,3,1
28/07/2025,1453,13,1
28/07/2025,1478,3,1
27/07/2025,27,17,1
27/07/2025,43,13,1
27/07/2025,112,17,1
27/07/2025,223,16,1
27/07/2025,229,17,1
27/07/2025,248,13,1
27/07/2025,419,13,1
27/07/2025,435,16,1
27/07/2025,468,17,1
27/07/2025,477,13,1
27/07/2025,483,15,1
27/07/2025,573,13,1
27/07/2025,644,13,1
27/07/2025,656,13,1
27/07/2025,715,15,1
27/07/2025,786,13,1
27/07/2025,915,13,1
27/07/2025,996,16,1
27/07/2025,1016,17,1
27/07/2025,1086,17,1
27/07/2025,1125,13,2
27/07/2025,1128,13,1
27/07/2025,1148,15,1
27/07/2025,1170,13,1
27/07/2025,1175,13,1
27/07/2025,1201,17,2
27/07/2025,1219,17,1
27/07/2025,1231,15,1
27/07/2025,1305,13,1
27/07/2025,1396,16,1
27/07/2025,1529,15,1
26/07/2025,171,6,1
26/07/2025,1333,6,1
24/07/2025,153,11,1
24/07/2025,198,11,1
24/07/2025,356,16,1
24/07/2025,469,11,1
24/07/2025,510,16,1
24/07/2025,732,16,2
24/07/2025,969,11,2
24/07/2025,1309,16,1
24/07/2025,1486,16,1
23/07/2025,67,7,1
23/07/2025,86,7,2
23/07/2025,88,15,1
23/07/2025,174,7,1
23/07/2025,377,15,1
23/07/2025,433,7,1
23/07/2025,467,11,1
23/07/2025,487,7,1
23/07/2025,571,23,1
23/07/2025,645,11,1
23/07/2025,663,11,2
23/07/2025,835,15,1
23/07/2025,871,23,1
23/07/2025,912,16,1
23/07/2025,945,16,1
23/07/2025,986,16,2
23/07/2025,1172,7,2
23/07/2025,1195,7,1
23/07/2025,1250,15,1
23/07/2025,1262,7,1
23/07/2025,1431,11,1
22/07/2025,122,24,1
22/07/2025,126,24,2
22/07/2025,146,24,1
22/07/2025,938,24,2
22/07/2025,1063,24,2
20/07/2025,66,13,1
20/07/2025,307,13,1
20/07/2025,432,13,1
20/07/2025,451,13,1
20/07/2025,492,13,1
20/07/2025,584,13,2
20/07/2025,761,13,1
20/07/2025,830,13,1
20/07/2025,969,13,1
20/07/2025,1406,7,1
20/07/2025,1430,13,1
20/07/2025,1465,7,1
17/07/2025,509,24,1
17/07/2025,658,6,1
17/07/2025,663,24,1
17/07/2025,804,24,1
17/07/2025,938,24,1
17/07/2025,1241,24,1
16/07/2025,348,3,1
16/07/2025,517,3,1
16/07/2025,993,3,1
14/07/2025,8,24,1
14/07/2025,80,11,1
14/07/2025,103,7,1
14/07/2025,679,11,1
14/07/2025,701,11,1
14/07/2025,779,24,1
14/07/2025,827,7,1
14/07/2025,859,24,1
14/07/2025,950,7,1
14/07/2025,1100,7,1
14/07/2025,1212,11,1
14/07/2025,1284,7,1
14/07/2025,1491,11,1
12/07/2025,11,17,2
12/07/2025,504,24,1
12/07/2025,540,17,1
12/07/2025,791,24,1
12/07/2025,947,17,1
12/07/2025,1140,17,1
12/07/2025,1260,17,1
12/07/2025,1261,17,1
12/07/2025,1350,17,1
12/07/2025,1442,17,1
11/07/2025,6,6,1
11/07/2025,198,3,1
11/07/2025,591,3,1
11/07/2025,623,7,1
11/07/2025,679,3,1
11/07/2025,849,6,1
11/07/2025,941,3,1
11/07/2025,1040,6,1
11/07/2025,1167,6,1
11/07/2025,1273,6,1
11/07/2025,1501,7,1
10/07/2025,195,23,2
10/07/2025,356,3,1
10/07/2025,384,23,2
10/07/2025,386,23,1
10/07/2025,472,6,1
10/07/2025,579,3,1
10/07/2025,595,23,1
10/07/2025,710,6,1
10/07/2025,1187,23,1
10/07/2025,1431,3,1
09/07/2025,264,11,2
09/07/2025,585,24,1
09/07/2025,767,24,1
09/07/2025,774,11,2
09/07/2025,1422,11,2
09/07/2025,1437,11,2
08/07/2025,40,7,1
08/07/2025,145,7,2
08/07/2025,149,11,1
08/07/2025,233,16,1
08/07/2025,345,16,2
08/07/2025,449,16,1
08/07/2025,593,7,1
08/07/2025,810,16,1
08/07/2025,1185,7,1
08/07/2025,1289,11,1
06/07/2025,63,7,1
06/07/2025,487,7,1
06/07/2025,1253,15,1
06/07/2025,1409,15,1
06/07/2025,1555,15,2
05/07/2025,157,24,1
05/07/2025,166,24,2
05/07/2025,463,24,1
05/07/2025,866,24,2
04/07/2025,366,17,1
04/07/2025,371,7,1
04/07/2025,477,17,1
04/07/2025,507,17,1
04/07/2025,570,17,1
04/07/2025,900,17,1
04/07/2025,1409,7,1
04/07/2025,1458,7,1
04/07/2025,1463,17,1
04/07/2025,1533,7,1
02/07/2025,71,23,1
02/07/2025,260,24,1
02/07/2025,408,24,1
02/07/2025,528,6,1
02/07/2025,709,24,1
02/07/2025,1080,6,1
02/07/2025,1447,6,1
01/07/2025,310,13,1
01/07/2025,418,13,1
01/07/2025,599,13,1
01/07/2025,638,13,1
01/07/2025,1078,13,1
01/07/2025,1152,13,2
01/07/2025,1257,11,1
28/06/2025,58,15,1
28/06/2025,393,15,1
28/06/2025,544,15,1
28/06/2025,664,15,1
28/06/2025,1361,23,2
28/06/2025,1525,23,1
27/06/2025,146,16,1
27/06/2025,404,16,1
27/06/2025,601,17,1
27/06/2025,668,16,1
27/06/2025,714,17,1
27/06/2025,902,17,1
27/06/2025,999,17,1
27/06/2025,1059,16,1
27/06/2025,1088,17,2
27/06/2025,1229,17,1
27/06/2025,1285,17,1
27/06/2025,1487,17,2
23/06/2025,182,13,1
23/06/2025,213,13,1
23/06/2025,265,13,1
23/06/2025,480,24,2
23/06/2025,962,13,1
23/06/2025,1410,16,1
22/06/2025,39,17,1
22/06/2025,130,6,2
22/06/2025,134,3,1
22/06/2025,169,6,1
22/06/2025,207,3,2
22/06/2025,337,3,1
22/06/2025,419,6,1
22/06/2025,444,6,1
22/06/2025,487,7,1
22/06/2025,612,6,2
22/06/2025,685,6,1
22/06/2025,699,3,1
22/06/2025,716,3,1
22/06/2025,801,17,1
22/06/2025,821,7,1
22/06/2025,902,6,2
22/06/2025,919,6,1
22/06/2025,1241,17,2
22/06/2025,1355,6,1
22/06/2025,1472,17,1
21/06/2025,230,17,2
21/06/2025,271,17,1
21/06/2025,292,24,2
21/06/2025,348,6,1
21/06/2025,465,6,1
21/06/2025,485,24,2
21/06/2025,514,24,1
21/06/2025,588,6,1
21/06/2025,601,17,2
21/06/2025,698,6,1
21/06/2025,817,24,1
21/06/2025,933,17,1
21/06/2025,970,24,1
21/06/2025,1061,24,1
21/06/2025,1083,17,2
21/06/2025,1231,17,1
21/06/2025,1321,17,1
21/06/2025,1423,6,1
21/06/2025,1423,24,1
21/06/2025,1444,17,1
21/06/2025,1461,17,2
20/06/2025,317,24,1
20/06/2025,764,11,1
20/06/2025,848,11,1
20/06/2025,1008,11,1
20/06/2025,1124,11,1
20/06/2025,1168,24,1
20/06/2025,1443,24,1
20/06/2025,1506,24,1
20/06/2025,1530,11,1
19/06/2025,34,11,1
19/06/2025,153,11,1
19/06/2025,195,11,1
19/06/2025,252,11,1
19/06/2025,546,11,1
19/06/2025,733,11,1
19/06/2025,761,11,1
19/06/2025,1487,11,1
18/06/2025,118,11,1
18/06/2025,128,3,2
18/06/2025,308,11,1
18/06/2025,475,11,1
18/06/2025,588,11,1
18/06/2025,899,16,2
18/06/2025,982,11,1
18/06/2025,1448,11,1
17/06/2025,3,15,1
17/06/2025,639,15,1
17/06/2025,719,13,1
17/06/2025,1179,13,2
17/06/2025,1204,13,1
17/06/2025,1227,13,1
17/06/2025,1486,13,1
16/06/2025,279,3,2
16/06/2025,326,3,1
16/06/2025,387,3,1
16/06/2025,522,17,1
16/06/2025,839,3,1
16/06/2025,988,17,1
16/06/2025,1091,17,1
16/06/2025,1099,17,1
16/06/2025,1105,3,1
16/06/2025,1243,17,1
16/06/2025,1338,17,1
16/06/2025,1353,3,1
16/06/2025,1541,17,2
15/06/2025,9,6,2
15/06/2025,184,17,1
15/06/2025,245,17,1
15/06/2025,430,15,1
15/06/2025,441,15,1
15/06/2025,910,15,2
15/06/2025,938,17,1
15/06/2025,1057,17,1
14/06/2025,98,16,2
14/06/2025,126,16,1
14/06/2025,392,7,2
14/06/2025,579,16,1
14/06/2025,1164,16,1
14/06/2025,1212,7,2
14/06/2025,1346,16,1
14/06/2025,1362,7,1
12/06/2025,92,15,1
12/06/2025,195,15,1
12/06/2025,211,15,1
12/06/2025,361,15,2
12/06/2025,371,15,1
12/06/2025,1128,15,1
11/06/2025,390,3,2
11/06/2025,1086,3,1
11/06/2025,1236,3,1
10/06/2025,774,17,2
10/06/2025,1031,17,1
10/06/2025,1057,17,1
09/06/2025,10,7,1
09/06/2025,205,24,1
09/06/2025,689,24,1
09/06/2025,1008,24,1
09/06/2025,1061,7,1
09/06/2025,1151,7,1
09/06/2025,1423,7,1
09/06/2025,1432,24,1
08/06/2025,24,13,1
08/06/2025,62,13,1
08/06/2025,79,13,1
08/06/2025,250,13,1
08/06/2025,1108,13,1
08/06/2025,1145,13,1
08/06/2025,1550,13,1
07/06/2025,252,13,2
07/06/2025,312,15,1
07/06/2025,484,13,1
07/06/2025,484,13,1
07/06/2025,486,13,1
07/06/2025,780,13,1
07/06/2025,833,13,1
07/06/2025,1036,13,1
07/06/2025,1158,13,1
07/06/2025,1196,13,2
07/06/2025,1206,17,1
07/06/2025,1256,13,1
07/06/2025,1324,15,1
07/06/2025,1365,13,1
07/06/2025,1474,15,1
07/06/2025,1496,17,1
06/06/2025,475,13,1
06/06/2025,812,13,1
06/06/2025,1100,13,1
04/06/2025,48,3,1
04/06/2025,358,3,1
04/06/2025,697,3,2
04/06/2025,1169,3,1
01/06/2025,23,24,1
01/06/2025,40,24,2
01/06/2025,43,6,1
01/06/2025,85,24,1
01/06/2025,193,24,1
01/06/2025,464,3,1
01/06/2025,918,3,1
01/06/2025,1104,24,2
01/06/2025,1296,3,1
29/05/2025,23,17,2
29/05/2025,398,16,1
29/05/2025,409,16,1
29/05/2025,600,17,1
29/05/2025,719,17,2
29/05/2025,905,13,2
29/05/2025,996,17,1
29/05/2025,1378,17,1
29/05/2025,1389,17,2
27/05/2025,403,15,1
27/05/2025,1048,15,1
27/05/2025,1464,15,1
26/05/2025,183,3,1
26/05/2025,264,3,1
26/05/2025,608,3,1
25/05/2025,66,3,1
25/05/2025,296,3,1
25/05/2025,1411,3,1
23/05/2025,485,6,1
23/05/2025,1378,6,2
22/05/2025,397,13,2
22/05/2025,967,23,1
22/05/2025,1325,15,1
22/05/2025,1545,23,1
21/05/2025,51,6,1
21/05/2025,523,15,1
21/05/2025,791,24,1
21/05/2025,801,3,1
21/05/2025,887,24,1
21/05/2025,896,15,1
21/05/2025,944,7,1
21/05/2025,984,24,1
21/05/2025,1135,3,2
21/05/2025,1164,3,1
21/05/2025,1217,6,1
21/05/2025,1269,7,1
21/05/2025,1274,3,1
21/05/2025,1333,7,1
21/05/2025,1368,6,1
21/05/2025,1484,15,1
19/05/2025,167,15,1
19/05/2025,190,6,1
19/05/2025,261,15,1
19/05/2025,336,6,1
19/05/2025,442,6,2
19/05/2025,484,15,1
19/05/2025,620,6,2
19/05/2025,952,15,1
19/05/2025,986,6,1
19/05/2025,1072,15,1
19/05/2025,1256,15,1
19/05/2025,1343,15,2
19/05/2025,1405,15,2
19/05/2025,1523,6,1
18/05/2025,329,6,1
18/05/2025,611,6,2
18/05/2025,1155,6,1
18/05/2025,1169,6,1
17/05/2025,114,23,2
17/05/2025,143,23,1
17/05/2025,168,24,1
17/05/2025,496,16,1
17/05/2025,785,23,1
17/05/2025,986,16,1
17/05/2025,989,23,1
17/05/2025,1349,16,1
16/05/2025,156,23,1
16/05/2025,304,7,2
16/05/2025,527,23,2
16/05/2025,874,23,1
16/05/2025,1340,7,1
16/05/2025,1357,7,1
15/05/2025,111,16,1
15/05/2025,214,11,1
15/05/2025,332,24,1
15/05/2025,440,16,1
15/05/2025,441,24,1
15/05/2025,468,11,1
15/05/2025,549,11,1
15/05/2025,576,24,1
15/05/2025,730,24,2
15/05/2025,865,24,2
15/05/2025,910,11,1
15/05/2025,947,16,2
15/05/2025,1157,24,1
15/05/2025,1198,16,1
15/05/2025,1450,24,2
15/05/2025,1465,24,1
14/05/2025,54,17,2
14/05/2025,109,17,1
14/05/2025,170,7,2
14/05/2025,325,7,1
14/05/2025,493,17,1
14/05/2025,640,23,1
14/05/2025,722,17,1
14/05/2025,767,23,1
14/05/2025,780,23,1
14/05/2025,830,17,1
14/05/2025,960,23,1
14/05/2025,1087,17,2
14/05/2025,1179,17,1
12/05/2025,16,16,1
12/05/2025,40,23,1
12/05/2025,121,15,1
12/05/2025,561,16,1
12/05/2025,765,15,1
12/05/2025,919,16,2
12/05/2025,1064,16,1
12/05/2025,1201,16,1
12/05/2025,1534,15,1
10/05/2025,188,13,1
09/05/2025,74,7,1
09/05/2025,286,7,1
09/05/2025,903,7,1
08/05/2025,592,6,1
08/05/2025,874,6,1
08/05/2025,1533,6,2
07/05/2025,309,17,2
07/05/2025,336,23,1
07/05/2025,455,7,1
07/05/2025,568,7,2
07/05/2025,611,17,1
07/05/2025,982,7,1
07/05/2025,1234,17,1
07/05/2025,1342,17,1
07/05/2025,1362,17,1
07/05/2025,1448,17,1
07/05/2025,1520,7,1
06/05/2025,11,7,1
06/05/2025,471,23,1
06/05/2025,530,23,2
06/05/2025,567,7,1
06/05/2025,710,23,1
06/05/2025,1141,23,2
06/05/2025,1276,23,2
05/05/2025,41,16,1
05/05/2025,400,13,1
05/05/2025,545,17,2
05/05/2025,749,16,1
05/05/2025,949,17,1
05/05/2025,1161,13,2
05/05/2025,1330,16,1
04/05/2025,455,7,1
04/05/2025,543,24,1
04/05/2025,1232,7,1
03/05/2025,54,15,1
03/05/2025,752,15,2
03/05/2025,804,15,1
03/05/2025,906,11,1
03/05/2025,1236,15,2
03/05/2025,1328,11,2
03/05/2025,1369,11,1
02/05/2025,210,11,2
02/05/2025,283,11,1
02/05/2025,389,11,1
02/05/2025,642,11,1
02/05/2025,789,11,1
02/05/2025,907,24,1
02/05/2025,1076,11,2
02/05/2025,1168,6,1
01/05/2025,70,15,1
01/05/2025,461,7,1
01/05/2025,469,23,1
01/05/2025,850,7,1
01/05/2025,927,7,1
01/05/2025,961,23,1
01/05/2025,987,23,1
01/05/2025,1117,23,1
01/05/2025,1292,15,1
01/05/2025,1458,23,1
29/04/2025,868,15,2
29/04/2025,1210,15,1
28/04/2025,142,23,1
27/04/2025,163,15,1
27/04/2025,191,7,1
27/04/2025,225,7,1
27/04/2025,444,7,1
27/04/2025,491,15,1
27/04/2025,982,15,1
27/04/2025,993,15,1
27/04/2025,1028,23,1
27/04/2025,1052,15,1
27/04/2025,1183,15,1
27/04/2025,1357,15,1
26/04/2025,6,16,2
26/04/2025,317,16,1
26/04/2025,587,16,2
26/04/2025,645,3,1
26/04/2025,727,16,2
26/04/2025,1422,3,1
26/04/2025,1539,16,1
26/04/2025,1545,16,1
26/04/2025,1558,16,1
24/04/2025,477,16,1
24/04/2025,486,16,2
24/04/2025,746,16,1
24/04/2025,870,23,2
24/04/2025,1212,16,1
23/04/2025,17,17,2
23/04/2025,275,17,1
23/04/2025,1411,17,1
22/04/2025,331,6,1
22/04/2025,427,11,1
22/04/2025,515,11,1
22/04/2025,597,11,1
22/04/2025,991,6,1
21/04/2025,270,3,1
21/04/2025,593,3,1
21/04/2025,619,3,1
21/04/2025,1432,3,2
20/04/2025,376,6,1
20/04/2025,907,6,1
20/04/2025,1021,6,1
20/04/2025,1075,6,1
19/04/2025,277,7,1
19/04/2025,549,3,1
19/04/2025,587,3,1
19/04/2025,638,3,1
19/04/2025,691,3,1
19/04/2025,1137,7,1
19/04/2025,1403,7,1
19/04/2025,1414,7,1
18/04/2025,878,11,1
17/04/2025,195,13,1
17/04/2025,415,13,1
17/04/2025,675,13,1
17/04/2025,948,13,1
17/04/2025,1172,13,2
17/04/2025,1386,13,1
17/04/2025,1524,13,1
16/04/2025,82,6,1
16/04/2025,1026,6,1
16/04/2025,1362,24,1
15/04/2025,274,17,1
15/04/2025,360,13,1
15/04/2025,845,13,1
15/04/2025,1201,17,1
15/04/2025,1257,17,1
14/04/2025,11,13,1
14/04/2025,47,16,2
14/04/2025,82,11,2
14/04/2025,140,6,1
14/04/2025,194,16,1
14/04/2025,324,11,1
14/04/2025,370,13,1
14/04/2025,646,6,1
14/04/2025,671,13,1
14/04/2025,786,6,1
14/04/2025,816,13,1
14/04/2025,881,13,2
14/04/2025,1266,6,1
14/04/2025,1330,6,2
14/04/2025,1382,11,1
14/04/2025,1389,6,1
14/04/2025,1447,13,1
14/04/2025,1557,11,1
13/04/2025,3,17,1
13/04/2025,14,6,1
13/04/2025,265,6,2
13/04/2025,339,6,1
13/04/2025,514,6,1
13/04/2025,573,17,1
13/04/2025,1336,24,2
13/04/2025,1404,24,1
13/04/2025,1453,24,1
13/04/2025,1453,6,1
13/04/2025,1454,6,2
12/04/2025,22,7,1
12/04/2025,495,11,2
12/04/2025,576,7,1
12/04/2025,665,7,1
12/04/2025,899,7,1
12/04/2025,1139,11,1
12/04/2025,1369,7,1
12/04/2025,1519,11,1
12/04/2025,1544,11,1
11/04/2025,18,15,1
11/04/2025,169,13,1
11/04/2025,184,13,1
11/04/2025,305,13,1
11/04/2025,485,13,1
11/04/2025,900,15,1
11/04/2025,1143,13,1
10/04/2025,125,23,1
10/04/2025,139,24,1
10/04/2025,180,24,1
10/04/2025,336,24,1
10/04/2025,563,24,1
09/04/2025,320,23,1
09/04/2025,603,23,1
09/04/2025,1232,15,1
09/04/2025,1416,15,1
08/04/2025,29,13,2
08/04/2025,105,17,2
08/04/2025,180,17,2
08/04/2025,240,13,1
08/04/2025,261,17,1
08/04/2025,269,7,1
08/04/2025,271,17,1
08/04/2025,424,7,2
08/04/2025,616,13,1
08/04/2025,837,7,1
08/04/2025,999,13,1
08/04/2025,1053,7,1
08/04/2025,1199,13,1
08/04/2025,1324,7,1
08/04/2025,1330,13,1
08/04/2025,1426,13,1
08/04/2025,1435,13,2
07/04/2025,178,17,1
07/04/2025,477,16,1
07/04/2025,564,17,1
07/04/2025,658,17,1
07/04/2025,834,16,2
07/04/2025,896,16,1
07/04/2025,1272,16,2
07/04/2025,1293,16,2
06/04/2025,547,24,1
06/04/2025,585,16,1
06/04/2025,1006,24,1
06/04/2025,1241,24,2
06/04/2025,1268,16,1
06/04/2025,1364,16,1
06/04/2025,1420,16,1
06/04/2025,1433,24,2
06/04/2025,1456,16,1
05/04/2025,268,3,1
05/04/2025,362,3,1
05/04/2025,748,3,2
05/04/2025,1137,3,1
04/04/2025,115,16,1
04/04/2025,164,3,1
04/04/2025,245,16,1
04/04/2025,659,7,2
04/04/2025,734,3,1
04/04/2025,861,16,2
04/04/2025,886,7,1
04/04/2025,921,7,1
04/04/2025,968,16,2
04/04/2025,1010,3,1
04/04/2025,1025,24,2
04/04/2025,1122,24,1
04/04/2025,1423,7,1
04/04/2025,1463,24,1
03/04/2025,20,13,1
03/04/2025,862,13,1
03/04/2025,1231,13,1
02/04/2025,653,15,1
02/04/2025,687,15,1
02/04/2025,1244,15,1
02/04/2025,1246,15,1
02/04/2025,1275,15,2
30/03/2025,438,7,2
30/03/2025,1170,7,1
30/03/2025,1194,7,1
30/03/2025,1453,7,1
29/03/2025,82,23,1
29/03/2025,574,23,1
29/03/2025,636,17,2
29/03/2025,672,23,1
29/03/2025,868,17,1
29/03/2025,1061,17,1
29/03/2025,1275,17,1
29/03/2025,1429,17,2
29/03/2025,1441,17,1
28/03/2025,57,13,1
28/03/2025,93,13,1
28/03/2025,439,17,1
28/03/2025,446,17,1
28/03/2025,497,17,1
28/03/2025,717,13,1
28/03/2025,799,17,1
28/03/2025,848,17,1
28/03/2025,1285,17,1
28/03/2025,1427,13,1
28/03/2025,1498,13,1
28/03/2025,1528,13,1
27/03/2025,105,24,1
27/03/2025,179,24,1
27/03/2025,571,24,2
27/03/2025,728,24,1
27/03/2025,1190,24,1
27/03/2025,1199,24,1
26/03/2025,953,23,2
25/03/2025,171,6,1
25/03/2025,295,6,1
25/03/2025,600,6,1
25/03/2025,636,6,1
25/03/2025,724,6,1
25/03/2025,1298,6,2
25/03/2025,1432,6,1
24/03/2025,368,7,1
24/03/2025,408,7,1
24/03/2025,948,7,1
24/03/2025,1263,7,1
23/03/2025,111,11,1
23/03/2025,161,11,1
23/03/2025,465,11,1
23/03/2025,671,11,1
23/03/2025,993,11,2
22/03/2025,81,15,1
22/03/2025,376,17,1
22/03/2025,409,15,2
22/03/2025,463,17,1
22/03/2025,583,15,1
22/03/2025,858,17,1
22/03/2025,1021,11,1
22/03/2025,1112,17,1
22/03/2025,1190,17,1
22/03/2025,1243,17,1
22/03/2025,1309,17,1
22/03/2025,1434,11,1
22/03/2025,1480,15,1
21/03/2025,68,13,1
21/03/2025,133,13,1
21/03/2025,187,11,1
21/03/2025,295,13,1
21/03/2025,342,13,1
21/03/2025,398,13,1
21/03/2025,440,13,1
21/03/2025,456,7,1
21/03/2025,462,11,2
21/03/2025,519,13,1
21/03/2025,619,13,1
21/03/2025,652,13,1
21/03/2025,676,11,1
21/03/2025,684,13,1
21/03/2025,766,7,1
21/03/2025,832,13,1
21/03/2025,929,13,2
21/03/2025,1202,13,1
21/03/2025,1365,7,2
21/03/2025,1368,13,1
21/03/2025,1406,13,1
21/03/2025,1428,13,1
21/03/2025,1434,13,1
20/03/2025,45,17,2
20/03/2025,49,3,1
20/03/2025,103,6,1
20/03/2025,109,6,1
20/03/2025,372,17,1
20/03/2025,664,6,1
20/03/2025,690,17,1
20/03/2025,754,3,1
20/03/2025,921,17,1
20/03/2025,1022,3,2
20/03/2025,1138,17,1
19/03/2025,238,3,1
19/03/2025,551,23,1
19/03/2025,1041,3,2
19/03/2025,1246,3,1
19/03/2025,1352,3,1
19/03/2025,1538,3,2
18/03/2025,106,17,2
18/03/2025,343,16,1
18/03/2025,376,16,1
18/03/2025,574,16,2
18/03/2025,599,17,1
18/03/2025,1165,17,2
18/03/2025,1231,16,1
18/03/2025,1316,17,2
18/03/2025,1454,17,1
18/03/2025,1493,16,1
17/03/2025,800,3,2
17/03/2025,939,3,1
17/03/2025,1029,3,1
16/03/2025,574,16,1
16/03/2025,951,16,2
16/03/2025,1207,16,2
16/03/2025,1433,16,1
15/03/2025,20,15,1
15/03/2025,208,3,2
15/03/2025,209,15,1
15/03/2025,517,15,1
15/03/2025,824,24,1
15/03/2025,848,15,1
15/03/2025,987,3,1
15/03/2025,1382,24,1
15/03/2025,1433,3,1
15/03/2025,1483,15,1
14/03/2025,100,15,1
14/03/2025,246,6,1
14/03/2025,373,15,1
14/03/2025,902,15,2
14/03/2025,1269,15,2
13/03/2025,207,7,1
13/03/2025,566,7,1
13/03/2025,789,13,1
13/03/2025,903,7,1
13/03/2025,920,13,1
13/03/2025,957,13,2
13/03/2025,990,23,1
13/03/2025,1356,13,1
13/03/2025,1458,13,1
13/03/2025,1469,7,1
12/03/2025,359,15,2
12/03/2025,538,23,1
12/03/2025,936,15,1
12/03/2025,1338,15,1
12/03/2025,1416,15,1
12/03/2025,1443,15,2
12/03/2025,1475,15,1
11/03/2025,37,17,1
11/03/2025,242,17,1
11/03/2025,792,17,1
11/03/2025,993,17,1
11/03/2025,1136,17,1
11/03/2025,1197,17,1
11/03/2025,1418,17,1
10/03/2025,265,15,1
10/03/2025,458,15,1
10/03/2025,688,15,1
10/03/2025,1342,15,1
10/03/2025,1396,15,1
10/03/2025,1472,15,1
09/03/2025,428,6,1
09/03/2025,812,6,1
09/03/2025,1417,6,1
08/03/2025,406,16,1
08/03/2025,553,16,2
08/03/2025,854,16,1
08/03/2025,1166,16,1
08/03/2025,1177,16,1
08/03/2025,1343,16,1
08/03/2025,1357,16,2
07/03/2025,465,15,1
07/03/2025,1075,13,1
07/03/2025,1114,13,2
07/03/2025,1286,13,2
06/03/2025,221,13,1
06/03/2025,685,11,1
06/03/2025,704,3,1
06/03/2025,1024,13,1
06/03/2025,1359,13,1
05/03/2025,71,3,1
05/03/2025,200,3,1
05/03/2025,404,17,1
05/03/2025,412,3,1
05/03/2025,630,17,1
05/03/2025,803,3,1
05/03/2025,1009,3,1
05/03/2025,1323,17,1
04/03/2025,27,17,1
04/03/2025,416,17,1
04/03/2025,441,17,2
04/03/2025,523,23,1
04/03/2025,699,17,1
04/03/2025,732,17,1
04/03/2025,1161,24,1
04/03/2025,1337,23,1
04/03/2025,1455,17,1
04/03/2025,1536,17,1
03/03/2025,344,24,1
03/03/2025,457,11,2
03/03/2025,466,11,1
03/03/2025,477,11,1
03/03/2025,803,24,1
03/03/2025,947,11,1
03/03/2025,1021,24,1
03/03/2025,1198,11,1
03/03/2025,1296,11,1
03/03/2025,1298,24,1
03/03/2025,1305,11,1
03/03/2025,1400,24,1
02/03/2025,97,24,2
02/03/2025,196,13,1
02/03/2025,247,15,1
02/03/2025,292,24,1
02/03/2025,466,16,1
02/03/2025,539,24,1
02/03/2025,684,15,1
02/03/2025,900,13,1
02/03/2025,928,15,1
02/03/2025,1067,13,1
02/03/2025,1140,15,1
02/03/2025,1190,24,1
02/03/2025,1201,16,2
02/03/2025,1351,13,1
02/03/2025,1464,15,1
01/03/2025,1,7,1
01/03/2025,365,7,2
01/03/2025,385,7,1
01/03/2025,671,7,1
01/03/2025,1329,23,2
27/02/2025,239,11,1
27/02/2025,495,11,1
27/02/2025,511,11,1
27/02/2025,799,16,1
27/02/2025,821,16,1
27/02/2025,894,16,1
27/02/2025,969,11,1
27/02/2025,1381,16,1
26/02/2025,132,13,1
26/02/2025,440,13,1
26/02/2025,460,16,2
26/02/2025,495,13,1
26/02/2025,557,16,1
26/02/2025,639,13,1
26/02/2025,852,16,1
26/02/2025,856,13,1
26/02/2025,883,13,1
26/02/2025,1019,16,1
26/02/2025,1103,16,2
26/02/2025,1216,16,2
26/02/2025,1281,13,1
25/02/2025,80,17,2
25/02/2025,105,17,1
25/02/2025,143,17,1
25/02/2025,258,17,2
25/02/2025,466,17,1
25/02/2025,512,7,1
25/02/2025,961,7,1
25/02/2025,1182,17,1
25/02/2025,1189,17,1
25/02/2025,1235,17,2
23/02/2025,41,24,1
23/02/2025,881,24,1
23/02/2025,1464,24,2
22/02/2025,1164,13,1
22/02/2025,1252,13,1
21/02/2025,122,3,1
21/02/2025,1329,3,1
20/02/2025,52,11,1
19/02/2025,172,17,1
19/02/2025,181,17,1
19/02/2025,234,17,2
19/02/2025,349,15,1
19/02/2025,536,13,1
19/02/2025,985,17,1
19/02/2025,1088,15,1
19/02/2025,1106,13,1
19/02/2025,1347,13,1
19/02/2025,1376,13,1
18/02/2025,142,16,1
18/02/2025,312,16,1
18/02/2025,335,16,1
18/02/2025,752,16,2
18/02/2025,899,23,1
18/02/2025,1449,16,1
17/02/2025,10,17,1
17/02/2025,174,17,2
17/02/2025,217,17,1
17/02/2025,417,17,1
17/02/2025,434,6,1
17/02/2025,507,17,1
17/02/2025,681,17,1
17/02/2025,712,3,1
17/02/2025,984,17,1
16/02/2025,815,24,1
16/02/2025,1142,24,1
16/02/2025,1405,24,1
16/02/2025,1414,24,1
15/02/2025,370,15,2
15/02/2025,376,7,1
15/02/2025,386,3,1
15/02/2025,467,15,1
15/02/2025,482,3,1
15/02/2025,734,15,1
15/02/2025,799,3,2
15/02/2025,914,7,1
15/02/2025,927,7,1
15/02/2025,935,3,1
15/02/2025,1260,15,1
14/02/2025,53,3,2
14/02/2025,362,23,1
14/02/2025,526,6,1
14/02/2025,564,23,1
14/02/2025,648,6,1
14/02/2025,914,6,1
14/02/2025,964,3,1
14/02/2025,995,23,2
14/02/2025,1169,3,2
13/02/2025,105,7,1
13/02/2025,327,7,2
13/02/2025,493,7,1
13/02/2025,881,7,1
13/02/2025,951,7,1
13/02/2025,1472,7,1
12/02/2025,269,7,2
12/02/2025,1084,7,1
12/02/2025,1431,7,1
11/02/2025,22,7,1
11/02/2025,126,15,1
11/02/2025,470,7,1
11/02/2025,495,7,2
11/02/2025,608,15,1
11/02/2025,869,7,1
11/02/2025,982,15,1
11/02/2025,993,15,1
11/02/2025,1194,7,1
11/02/2025,1230,15,1
11/02/2025,1232,15,1
11/02/2025,1330,15,1
10/02/2025,40,13,1
10/02/2025,125,24,1
10/02/2025,529,13,1
10/02/2025,629,13,1
10/02/2025,768,13,1
10/02/2025,964,13,2
10/02/2025,1118,13,1
10/02/2025,1266,13,1
10/02/2025,1432,13,2
09/02/2025,132,15,2
09/02/2025,381,3,1
09/02/2025,468,3,1
09/02/2025,517,15,1
09/02/2025,541,3,1
09/02/2025,1210,11,1
09/02/2025,1395,16,1
09/02/2025,1400,15,1
09/02/2025,1450,11,1
09/02/2025,1519,11,1
09/02/2025,1519,16,1
08/02/2025,139,24,1
08/02/2025,324,24,1
08/02/2025,471,24,2
08/02/2025,527,24,1
08/02/2025,557,24,1
08/02/2025,706,24,1
08/02/2025,1265,24,1
08/02/2025,1550,24,1
07/02/2025,70,16,1
07/02/2025,239,16,1
07/02/2025,431,16,1
07/02/2025,564,17,1
07/02/2025,1154,17,1
07/02/2025,1375,16,1
06/02/2025,19,13,2
06/02/2025,333,13,1
06/02/2025,550,13,1
06/02/2025,983,13,1
06/02/2025,997,13,1
06/02/2025,1480,13,1
06/02/2025,1548,13,1
05/02/2025,102,16,1
05/02/2025,649,24,1
05/02/2025,930,16,1
05/02/2025,973,24,1
05/02/2025,1008,16,1
05/02/2025,1104,24,1
05/02/2025,1283,16,1
04/02/2025,543,15,2
04/02/2025,1328,15,1
03/02/2025,650,13,1
03/02/2025,778,13,1
03/02/2025,1128,13,1
03/02/2025,1137,13,2
03/02/2025,1220,7,2
03/02/2025,1406,13,2
03/02/2025,1437,7,1
03/02/2025,1453,7,1
02/02/2025,637,15,1
02/02/2025,921,16,1
02/02/2025,1054,15,1
02/02/2025,1442,15,2
02/02/2025,1473,15,1
01/02/2025,469,11,1
01/02/2025,532,23,2
01/02/2025,742,23,1
01/02/2025,761,11,1
01/02/2025,1396,11,1
29/01/2025,501,17,1
29/01/2025,755,17,1
29/01/2025,936,17,1
29/01/2025,1161,17,1
29/01/2025,1293,17,2
29/01/2025,1526,17,1
28/01/2025,231,11,1
27/01/2025,393,15,1
27/01/2025,530,15,1
27/01/2025,623,15,2
26/01/2025,43,17,1
26/01/2025,603,17,1
26/01/2025,1013,17,1
26/01/2025,1185,17,1
26/01/2025,1273,17,2
26/01/2025,1397,17,1
26/01/2025,1428,17,1
25/01/2025,222,15,1
25/01/2025,324,16,1
25/01/2025,358,23,1
25/01/2025,375,16,1
25/01/2025,810,15,1
25/01/2025,814,15,2
25/01/2025,990,23,1
25/01/2025,1147,3,2
25/01/2025,1295,15,2
23/01/2025,179,13,1
23/01/2025,328,13,1
23/01/2025,688,13,1
23/01/2025,1432,13,2
23/01/2025,1549,13,1
21/01/2025,259,3,1
21/01/2025,360,16,1
21/01/2025,486,16,1
21/01/2025,520,3,2
21/01/2025,651,13,1
21/01/2025,851,13,1
21/01/2025,921,13,1
21/01/2025,952,13,1
21/01/2025,1169,3,1
21/01/2025,1452,16,1
21/01/2025,1481,3,2
20/01/2025,93,11,1
20/01/2025,100,13,1
20/01/2025,197,16,1
20/01/2025,271,13,1
20/01/2025,443,7,1
20/01/2025,563,16,1
20/01/2025,683,11,1
20/01/2025,784,13,1
20/01/2025,860,11,1
20/01/2025,894,7,1
20/01/2025,1038,11,1
20/01/2025,1045,16,2
20/01/2025,1053,16,1
20/01/2025,1212,11,1
20/01/2025,1218,13,1
20/01/2025,1220,13,1
20/01/2025,1355,16,1
20/01/2025,1357,13,2
20/01/2025,1402,13,1
20/01/2025,1556,16,1
19/01/2025,167,7,1
19/01/2025,434,16,1
19/01/2025,455,7,1
19/01/2025,497,7,1
19/01/2025,1051,16,1
19/01/2025,1337,7,1
19/01/2025,1463,7,1
19/01/2025,1496,16,2
19/01/2025,1542,7,1
18/01/2025,13,15,1
18/01/2025,139,15,1
18/01/2025,360,15,1
18/01/2025,537,15,1
17/01/2025,17,6,1
17/01/2025,176,11,1
17/01/2025,194,6,2
17/01/2025,320,24,1
17/01/2025,598,24,2
17/01/2025,865,24,1
17/01/2025,952,11,2
17/01/2025,954,24,2
17/01/2025,1004,11,1
17/01/2025,1271,24,1
16/01/2025,391,17,1
16/01/2025,551,17,2
16/01/2025,760,17,2
16/01/2025,1043,17,1
16/01/2025,1398,17,1
16/01/2025,1439,17,1
15/01/2025,366,24,1
15/01/2025,603,24,1
15/01/2025,879,24,1
15/01/2025,1162,24,1
15/01/2025,1179,24,1
14/01/2025,439,6,1
14/01/2025,1098,6,2
13/01/2025,466,17,1
13/01/2025,551,17,1
13/01/2025,592,17,1
13/01/2025,895,17,1
13/01/2025,982,17,1
13/01/2025,1107,15,2
13/01/2025,1291,3,1
13/01/2025,1523,15,2
13/01/2025,1531,17,1
12/01/2025,152,6,1
12/01/2025,169,6,2
12/01/2025,958,6,1
12/01/2025,1208,6,1
12/01/2025,1263,6,1
12/01/2025,1268,6,1
12/01/2025,1299,6,1
12/01/2025,1435,6,1
12/01/2025,1484,6,1
11/01/2025,444,7,1
11/01/2025,939,7,1
11/01/2025,1392,7,1
11/01/2025,1447,7,1
09/01/2025,521,13,1
09/01/2025,1132,13,1
08/01/2025,412,7,1
08/01/2025,687,7,2
08/01/2025,992,7,2
08/01/2025,1314,7,2
07/01/2025,19,6,1
07/01/2025,44,3,1
07/01/2025,1182,6,1
07/01/2025,1210,23,1
06/01/2025,869,24,1
06/01/2025,961,24,1
06/01/2025,1190,24,1
05/01/2025,78,7,1
05/01/2025,639,7,1
05/01/2025,644,13,1
05/01/2025,691,13,1
05/01/2025,1132,13,1
05/01/2025,1157,13,1
05/01/2025,1314,13,2
05/01/2025,1447,13,1
05/01/2025,1531,7,1
04/01/2025,255,11,1
04/01/2025,257,11,1
04/01/2025,307,11,1
04/01/2025,814,11,1
04/01/2025,864,11,1
03/01/2025,137,16,1
03/01/2025,474,23,1
03/01/2025,750,16,1
02/01/2025,302,3,1
02/01/2025,663,3,1
02/01/2025,882,3,2
02/01/2025,1440,3,1
01/01/2025,250,6,1
01/01/2025,628,6,1
01/01/2025,869,6,1
